rank,opportunity_score,query,category,source_name,title,price,query_median_price,query_min_price,query_offer_count,query_source_count,price_gap_to_median_pct,demand_proxy,confidence,item_url,image_url,fetched_at
1,90.35,mouse gamer,mouse,aliexpress,"E-sports usb com fio mouse colorido led mouse para jogos 5000 dpi com fio mouse óptico com fio gamer mouse para desktop computador portátil R$6,99 R$34,2 -79% 4.5 2.000+ vendido(s) R$10 OFF em R$80 Novo usuário - R$27,21 OFF",6.99,124.10,6.99,94,6,0.9437,5000.00,0.65,https://pt.aliexpress.com/item/1005006955086271.html,https://ae-pic-a1.aliexpress-media.com/kf/S277d3ccb114445fab415655875410ce32.jpg_480x480q75.jpg_.avif,2026-05-01 10:34:57.257 -0300
2,87.30,mouse gamer,mouse,aliexpress,Rato de jogo com fio usb 5000 dpi 3 botões silencioso mause retroiluminado profissional gamer ratos ergonômico computador mouse para computador portátil,6.99,124.10,6.99,94,6,0.9437,474.00,0.65,https://pt.aliexpress.com/item/1005008716680450.html,https://ae-pic-a1.aliexpress-media.com/kf/Sdf86c40352fe4ae8a8702b1c953f13ba4.jpg_480x480q75.jpg_.avif,2026-05-02 05:44:42.291 -0300
3,84.00,hub usb,hub_adaptador,shopee,7 Em 1 USB3.0 HUB Type C Adaptador De Alimentação OTG De 4 E 7 Portas Para Macbook PC Laptop Estudo Office,7.04,43.99,7.04,53,5,0.8400,6854.00,0.75,https://shopee.com.br/7-Em-1-USB3.0-HUB-Type-C-Adaptador-De-Alimenta%C3%A7%C3%A3o-OTG-De-4-E-7-Portas-Para-Macbook-PC-Laptop-Estudo-Office-i.1006215031.25325925584,https://down-br.img.susercontent.com/file/cn-11134207-7r98o-loqnyrqe0i9852,2026-05-01 10:42:11.668 -0300
4,82.08,mouse sem fio,mouse,aliexpress,2-10 conjuntos novo nível de competição mouse pés patins de borracha para logitech g502x com fio edição sem fio preto branco cinza vermelho azul,5.49,60.34,5.49,91,6,0.9090,54.00,0.65,https://pt.aliexpress.com/item/1005005437580940.html,https://ae-pic-a1.aliexpress-media.com/kf/Sf9a2153d2e354fda8baf8abaab275d11h.jpg_480x480q75.jpg_.avif,2026-05-02 05:44:54.060 -0300
5,81.87,headset gamer,headset_fone,shopee,Fone gamer Gm-D2 Headset audio mix p2 32I Preto,9.90,151.48,9.80,76,5,0.9346,7.00,0.75,https://shopee.com.br/Fone-gamer-Gm-D2-Headset-audio-mix-p2-32I-Preto-i.1364481038.58207320935,https://down-br.img.susercontent.com/file/br-11134207-820lq-mmw4rqsvcxkx23,2026-05-01 13:12:32.484 -0300
6,80.47,teclado mecanico,teclado,aliexpress,"Teclado mecânico rgb kebidumei, teclado usb com fio para jogos, 104 teclas, teclado ergonômico intercambiável, acessórios para computador, pc",16.03,169.99,16.03,93,6,0.9057,18.00,0.65,https://pt.aliexpress.com/item/1005011883458768.html,https://ae-pic-a1.aliexpress-media.com/kf/S8ece716903524c3f8d823231d53754fae.jpg_480x480q75.jpg_.avif,2026-05-02 05:45:03.147 -0300
7,80.22,headset gamer,headset_fone,terabyte,Headset Gamer Havit Fuxi-H5d White Drivers 50mm,9.80,151.48,9.80,76,5,0.9353,0.00,0.95,https://www.terabyteshop.com.br/produto/32483/headset-gamer-havit-fuxi-h5d-white-35mm-drivers-de-50mm-branco,https://img.terabyteshop.com.br/produto/m/headset-gamer-havit-fuxi-h5d-white-35mm-drivers-de-50mm-branco_216976.jpg,2026-05-02 04:44:47.892 -0300
8,80.22,headset gamer,headset_fone,terabyte,Headset Gamer Havit Fuxi-H5d Drivers 50mm P2,9.81,151.48,9.80,76,5,0.9352,0.00,0.95,https://www.terabyteshop.com.br/produto/32480/headset-gamer-havit-fuxi-h5d-black-35mm-drivers-de-50mm-preto,https://img.terabyteshop.com.br/produto/m/headset-gamer-havit-fuxi-h5d-black-35mm-drivers-de-50mm-preto_216955.jpg,2026-05-02 04:44:47.892 -0300
9,80.22,headset gamer,headset_fone,terabyte,Headset Gamer Havit H2230D P3 Drivers 50mm Branco,9.81,151.48,9.80,76,5,0.9352,0.00,0.95,https://www.terabyteshop.com.br/produto/37611/headset-gamer-havit-h2230d-p3-drivers-de-50mm-microfone-destacavel-branco-h2230d-wht,https://img.terabyteshop.com.br/produto/m/headset-gamer-havit-h2230d-p3-drivers-de-50mm-microfone-destacavel-branco-h2230d-wht_245973.jpg,2026-05-02 04:44:47.892 -0300
10,80.22,headset gamer,headset_fone,terabyte,Headset Gamer Havit H2230D P3 Drivers 50mm Preto,9.81,151.48,9.80,76,5,0.9352,0.00,0.95,https://www.terabyteshop.com.br/produto/37613/headset-gamer-havit-h2230d-p3-drivers-de-50mm-microfone-destacavel-preto-h2230d-blk,https://img.terabyteshop.com.br/produto/m/headset-gamer-havit-h2230d-p3-drivers-de-50mm-microfone-destacavel-preto-h2230d-blk_245989.jpg,2026-05-02 12:35:56.837 -0300
11,80.22,headset gamer,headset_fone,terabyte,"Headset Gamer PCYES Nowy Black Vulcan, USB, RGB, Drivers de 40mm, Preto, HGNW40BV",9.81,151.48,9.80,76,5,0.9352,0.00,0.95,https://www.terabyteshop.com.br/produto/40579/headset-gamer-pcyes-nowy-black-vulcan-usb-rgb-drivers-de-40mm-preto-hgnw40bv,https://img.terabyteshop.com.br/produto/m/headset-gamer-pcyes-nowy-black-vulcan-usb-rgb-drivers-de-40mm-preto-hgnw40bv_262887.jpg,2026-05-02 12:35:56.837 -0300
12,80.22,headset gamer,headset_fone,terabyte,"Headset Gamer PCYES Deffy Black Vulcan, USB, RGB, Drivers de 50mm, Preto, HGDF50BV",9.81,151.48,9.80,76,5,0.9352,0.00,0.95,https://www.terabyteshop.com.br/produto/40581/headset-gamer-pcyes-deffy-black-vulcan-usb-rgb-drivers-de-50mm-preto-hgdf50bv,https://img.terabyteshop.com.br/produto/m/headset-gamer-pcyes-deffy-black-vulcan-usb-rgb-drivers-de-50mm-preto-hgdf50bv_262899.jpg,2026-05-02 12:35:56.837 -0300
13,79.87,webcam,webcam,shopee,Webcam Full Hd 1080p Microfone Pc Notebook Home Office Nova Pronta Entrega,29.99,139.99,9.81,83,4,0.7858,5288.00,0.75,https://shopee.com.br/Webcam-Full-Hd-1080p-Microfone-Pc-Notebook-Home-Office-Nova-Pronta-Entrega-i.1374288201.22498752814,https://down-br.img.susercontent.com/file/sg-11134201-7rdvd-mcnmvcbe54xs96,2026-05-01 13:14:57.248 -0300
14,79.84,webcam,webcam,terabyte,Webcam PCYES RAZA HD-03 720p 30FPS USB Microfone,9.81,139.99,9.81,83,4,0.9299,0.00,0.95,https://www.terabyteshop.com.br/produto/38764/webcam-pcyes-raza-hd-03-hd-30-fps-usb-com-microfone-preto-rzhd03,https://img.terabyteshop.com.br/produto/m/webcam-pcyes-raza-hd-03-hd-30-fps-usb-com-microfone-preto-rzhd03_252972.jpg,2026-05-01 13:20:02.494 -0300
15,79.77,mouse gamer,mouse,terabyte,Mouse Gamer PCYes Argus RGB 12400 DPI 8 Botões,8.83,124.10,6.99,94,6,0.9288,0.00,0.95,https://www.terabyteshop.com.br/produto/36266/mouse-gamer-pcyes-argus-rgb-12400-dpi-pwm-3327-8-botoes-preto-pmgabv,https://img.terabyteshop.com.br/produto/m/mouse-gamer-pcyes-argus-rgb-12400-dpi-pwm-3327-8-botoes-preto-pmgabv_238676.jpg,2026-05-02 12:35:20.037 -0300
16,79.77,mouse gamer,mouse,terabyte,Mouse Gamer MSI Forge GM300 RGB 7200 DPI 7 Botões,8.83,124.10,6.99,94,6,0.9288,0.00,0.95,https://www.terabyteshop.com.br/produto/36323/mouse-gamer-msi-forge-gm300-rgb-7200-dpi-7-botoes-preto,https://img.terabyteshop.com.br/produto/m/mouse-gamer-msi-forge-gm300-rgb-7200-dpi-7-botoes-preto_238897.jpg,2026-05-02 12:35:20.037 -0300
17,79.77,mouse gamer,mouse,terabyte,Mouse Gamer PCYes Hydrus Black Vulcan 12400 DPI,8.83,124.10,6.99,94,6,0.9288,0.00,0.95,https://www.terabyteshop.com.br/produto/36268/mouse-gamer-pcyes-hydrus-black-vulcan-12400-dpi-pwm-3327-6-botoes-preto-pmghbv,https://img.terabyteshop.com.br/produto/m/mouse-gamer-pcyes-hydrus-black-vulcan-12400-dpi-pwm-3327-6-botoes-preto-pmghbv_238685.jpg,2026-05-03 11:21:16.224 -0300
18,79.34,mouse gamer,mouse,terabyte,Mouse Gamer Kalkan Jotnar 12400 DPI PAW 3327,9.60,124.10,6.99,94,6,0.9226,0.00,0.95,https://www.terabyteshop.com.br/produto/36684/mouse-gamer-kalkan-jotnar-12400-dpi-paw-3327-5-botoes-preto-klk00010,https://img.terabyteshop.com.br/produto/m/mouse-gamer-kalkan-jotnar-12400-dpi-paw-3327-5-botoes-preto-klk00010_241006.jpg,2026-05-02 12:35:20.037 -0300
19,79.33,mouse sem fio,mouse,aliexpress,"Mouse Sem Fio Sem Fio Mouse Óptico, Recarregável, RGB, USB, 2.4GHz",11.88,60.34,5.49,91,6,0.8031,2000.00,0.65,https://pt.aliexpress.com/item/1005007269117849.html,https://ae-pic-a1.aliexpress-media.com/kf/A3024f62ad45946989678ae6d8a642368s.jpeg_480x480q75.jpeg_.avif,2026-05-02 05:44:54.060 -0300
20,79.22,mouse gamer,mouse,terabyte,"Mouse Gamer Havit MS966SE, Wireless/Bluetooth, RGB, 10000 DPI, 7 Botões, PMW3325, Preto",9.81,124.10,6.99,94,6,0.9210,0.00,0.95,https://www.terabyteshop.com.br/produto/40497/mouse-gamer-havit-ms966se-wirelessbluetooth-rgb-10000-dpi-7-botoes-pmw3325-preto,https://img.terabyteshop.com.br/produto/m/mouse-gamer-havit-ms966se-wirelessbluetooth-rgb-10000-dpi-7-botoes-pmw3325-preto_262414.jpg,2026-05-02 12:35:20.037 -0300
21,78.48,fone bluetooth,headset_fone,amazon,"Fone de Ouvido Bluetooth 5.1 TWS Premium Wireless com Luz LED, Som Hi-Fi Estéreo, Cancelamento de Ruído, Toque Inteligente, Bateria Longa, Microfone, Compatível com Android e iOS",26.90,149.45,19.90,70,3,0.8200,1100.00,0.90,https://www.amazon.com.br/dp/B0FCBJH6VZ,https://m.media-amazon.com/images/I/61E5OdmWojL._AC_UL320_.jpg,2026-05-02 04:13:56.828 -0300
22,78.40,fone bluetooth,headset_fone,amazon,"Fone De Ouvido Bluetooth, Fone Sem Fio, Compatível Com Todo Celular, Cancelamento Ruído, Bateria de Longa Duração, Até 16 Horas de Uso Microfone - Conecta Case e Fones Com Celular, Controle Touch",24.90,149.45,19.90,70,3,0.8334,500.00,0.90,https://www.amazon.com.br/dp/B0GMRS7T13,https://m.media-amazon.com/images/I/51X93Dd3NsL._AC_UL320_.jpg,2026-05-02 18:04:33.559 -0300
23,78.04,mouse sem fio,mouse,shopee,"Mouse sem fio dual band receptor nano 2,4ghz / Bluetooth RGB recarregável MS-S350L",16.99,60.34,5.49,91,6,0.7184,48935.00,0.75,https://shopee.com.br/Mouse-sem-fio-dual-band-receptor-nano-2-4ghz-Bluetooth-RGB-recarreg%C3%A1vel-MS-S350L-i.372103398.22597307453,https://down-br.img.susercontent.com/file/sg-11134201-7rce1-lqurgzr7a0cy17,2026-05-01 13:09:59.876 -0300
24,77.65,mouse gamer,mouse,aliexpress,GOOJODOQ Bluetooth + 2.4G Mouse de modo duplo recarregável luz colorida 800-1200-1600 DPI clique silencioso design ergonômico,29.00,124.10,6.99,94,6,0.7663,4000.00,0.65,https://pt.aliexpress.com/item/1005010363444764.html,https://ae-pic-a1.aliexpress-media.com/kf/S638bd3201b064bee8895b14301b60475D.jpg_480x480q75.jpg_.avif,2026-05-02 08:03:38.563 -0300
25,77.33,webcam,webcam,amazon,"Owfeel Webcam 1080P com Microfone, Full HD, com foco automático rotativo de 360º para laptop/PC/Mac",34.30,139.99,9.81,83,4,0.7550,2200.00,0.90,https://www.amazon.com.br/dp/B08DJ4DL9N,https://m.media-amazon.com/images/I/51OEgiWAoKL._AC_UL320_.jpg,2026-05-02 19:05:09.196 -0300
26,77.06,combo teclado mouse,mouse,terabyte,Combo Mouse e Teclado Dr. Office SDR-0302-G Sem Fio,8.83,119.00,8.83,60,3,0.9258,0.00,0.95,https://www.terabyteshop.com.br/produto/23683/combo-mouse-e-teclado-dr-office-sdr-0302-g-sem-fio-usb-cinza-metalico,https://img.terabyteshop.com.br/produto/m/combo-mouse-e-teclado-dr-office-sdr-0302-g-sem-fio-usb-cinza-metalico_161304.png,2026-05-02 04:44:20.413 -0300
27,77.03,mouse gamer,mouse,shopee,Mouse Gamer Laser X7 3200dpi Led Rgb Usb 7 Botões Profissional Original,25.99,124.10,6.99,94,6,0.7906,456.00,0.75,https://shopee.com.br/Mouse-Gamer-Laser-X7-3200dpi-Led-Rgb-Usb-7-Bot%C3%B5es-Profissional-Original-i.400445031.22999340252,https://down-br.img.susercontent.com/file/br-11134207-81ztc-mkfxnzwuc8ht94,2026-05-01 13:09:12.911 -0300
28,76.93,teclado mecanico,teclado,kabum,Cabo Adaptador Conversor HDMI para VGA F + Áudio F3 - JC- AD-HM/VGA,18.99,169.99,16.03,93,6,0.8883,0.00,0.95,https://www.kabum.com.br/produto/112044/cabo-adaptador-conversor-hdmi-para-vga-f-audio-f3-jc-ad-hm-vga,https://images.kabum.com.br/produtos/fotos/112044/cabo-adaptador-conversor-f3-hdmi-x-vga-f-audio-jc-ad-hm-vga_1659733792_m.jpg,2026-05-01 13:17:28.267 -0300
29,76.75,mouse gamer,mouse,aliexpress,"1 pc novo mouse para jogos usb hipervelocidade rgb retroiluminado ergonômico mouse para jogos 7d esports mouse com fio para computador portátil gamer R$13,11 R$24,11 -45% 4.5 1.000+ vendido(s) R$10 OFF em R$80 Novo usuário - R$11 OFF",13.11,124.10,6.99,94,6,0.8944,1.00,0.65,https://pt.aliexpress.com/item/1005008494169464.html,https://ae-pic-a1.aliexpress-media.com/kf/S1cb5b1cb53dc438ba7d2a4a711fd8923r.jpg_480x480q75.jpg_.avif,2026-05-01 10:34:57.257 -0300
30,76.55,fone bluetooth,headset_fone,amazon,Fone de Ouvido USB Tipo-C com Microfone Integrado - Isolamento de Ruído - Controles de Áudio no Cabo - Compatível com Smartphones e Tablets USB-C,19.99,149.45,19.90,70,3,0.8662,205.00,0.90,https://www.amazon.com.br/sspa/click,https://m.media-amazon.com/images/I/51bA7BQKGJL._AC_UL320_.jpg,2026-05-03 06:03:09.380 -0300
31,76.48,combo teclado mouse,mousepad,terabyte,"Combo Gamer Evolut Starter EG-54, 4 em 1, Teclado, Mouse, Headset e Mousepad, Rainbow, Preto",9.81,119.00,8.83,60,3,0.9176,0.00,0.95,https://www.terabyteshop.com.br/produto/33818/combo-gamer-evolut-starter-eg-54-4-em-1-teclado-mouse-headset-e-mousepad-rainbow-preto,https://img.terabyteshop.com.br/produto/m/combo-gamer-evolut-starter-eg-54-4-em-1-teclado-mouse-headset-e-mousepad-rainbow-preto_225055.jpg,2026-05-02 04:44:20.413 -0300
32,76.42,teclado mecanico,teclado,kabum,"Cabo HP VGA SVGA, 2 Metros, Preto, DHC-VG100 - 194U0AA",25.87,169.99,16.03,93,6,0.8478,5.00,0.95,https://www.kabum.com.br/produto/354014/cabo-hp-vga-svga-2-metros-preto-dhc-vg100-194u0aa,https://images.kabum.com.br/produtos/fotos/354014/cabo-vga-svga-hp-2m-preto-194u0aa_1655928447_m.jpg,2026-05-01 13:17:28.267 -0300
33,75.78,mouse sem fio,mouse,amazon,Mouse Sem Fio Recarregavel 2.4g Wireless USB para Notebook Desktop TV (PRETO),15.76,60.34,5.49,91,6,0.7388,1600.00,0.90,https://www.amazon.com.br/dp/B0C5148YPG,https://m.media-amazon.com/images/I/411GIiFHTML._AC_UL320_.jpg,2026-05-02 04:13:04.609 -0300
34,75.14,teclado mecanico,mousepad,kabum,"Mousepad Gamer Rise Mode Black Mode, Speed, Estendido (900x300mm) - RG-MP-06-FBK",28.99,169.99,16.03,93,6,0.8295,5.00,0.95,https://www.kabum.com.br/produto/111142/mousepad-gamer-rise-mode-black-mode-speed-estendido-900x300mm-rg-mp-06-fbk,https://images.kabum.com.br/produtos/fotos/111142/mousepad-gamer-rise-mode-black-mode-speed-estendido-900x300mm-rg-mp-06-fbk_1584561621_m.jpg,2026-05-01 13:17:28.267 -0300
35,75.01,webcam,webcam,amazon,"Top 1 Webcam Premium Full HD 1080p com Microfone, USB Plug & Play, Foco Automático – Para PC, Notebook, Zoom, Teams, Meet Skype YouTube Discord e Mais – Ideal para Home Office Reuniões e Videochamadas",36.90,139.99,9.81,83,4,0.7364,1000.00,0.90,https://www.amazon.com.br/dp/B0FLZ2T78C,https://m.media-amazon.com/images/I/41lOf8TUOgL._AC_UL320_.jpg,2026-05-01 13:16:47.966 -0300
36,74.92,headset gamer,headset_fone,shopee,Fone de Ouvido Gamer Fone Gamer Headset Com LED de Alta Qualidade,35.00,151.48,9.80,76,5,0.7689,286.00,0.75,https://shopee.com.br/Fone-de-Ouvido-Gamer-Fone-Gamer-Headset-Com-LED-de-Alta-Qualidade-i.1253500963.22793695398,https://down-br.img.susercontent.com/file/sg-11134201-7reo7-m8ntizce16392c,2026-05-01 13:12:32.484 -0300
37,74.51,mouse sem fio,mouse,terabyte,Combo Mouse e Teclado Dr. Office SDR-0302-G Sem Fio,8.83,60.34,5.49,91,6,0.8537,0.00,0.95,https://www.terabyteshop.com.br/produto/23683/combo-mouse-e-teclado-dr-office-sdr-0302-g-sem-fio-usb-cinza-metalico,https://img.terabyteshop.com.br/produto/m/combo-mouse-e-teclado-dr-office-sdr-0302-g-sem-fio-usb-cinza-metalico_161304.png,2026-05-02 12:56:19.596 -0300
38,74.49,cabo usb c,cabo,shopee,"Cabo Carregador Turbo Rápido Reforçado V8 / Tipo C / iPhone 1M, 2M LIGHTINING Kaidi Lehmox",7.99,28.30,7.99,56,5,0.7177,3294.00,0.75,https://shopee.com.br/Cabo-Carregador-Turbo-R%C3%A1pido-Refor%C3%A7ado-V8-Tipo-C-iPhone-1M-2M-LIGHTINING-Kaidi-Lehmox-i.1166403529.23892646466,https://down-br.img.susercontent.com/file/br-11134207-7r98o-m1h14ko8zmq9f3,2026-05-01 13:14:11.507 -0300
39,74.43,fone bluetooth,headset_fone,amazon,"Fones de Ouvido Sem Fio Bluetooth 5.4 Compatível com Todo Celular Cancelamento Ruído Bateria 16 Horas, Conecta com Notebook-Branco",19.99,149.45,19.90,70,3,0.8662,3.00,0.90,https://www.amazon.com.br/dp/B0GWLY8HCX,https://m.media-amazon.com/images/I/51QgHifEYEL._AC_UL320_.jpg,2026-05-02 04:13:56.828 -0300
40,74.24,webcam,webcam,kabum,"Webcam Logitech C270 HD, 720p, Microfone Integrado, USB 2.0 com 3MP - Cinza/Preta",25.66,139.99,9.81,83,4,0.8167,5.00,0.95,https://www.kabum.com.br/produto/677167/webcam-logitech-c270-hd-720p-microfone-integrado-usb-2-0-com-3mp-cinza-preta,https://images.kabum.com.br/produtos/fotos/sync_mirakl/677167/medium/Webcam-Logitech-C270-HD-720p-Microfone-Integrado-USB-2-0-com-3MP-Cinza-Preta_1766099019.png,2026-05-01 13:18:36.411 -0300
41,74.23,mouse gamer,mouse,shopee,"Mouse Gamer Laser X7 3200dpi Led Rgb Usb 7 Botões Profissional Original R$ 16,88 -32% 4.8 São Paulo Encontrar itens similares",16.88,124.10,6.99,94,6,0.8640,0.00,0.75,https://shopee.com.br/Mouse-Gamer-Laser-X7-3200dpi-Led-Rgb-Usb-7-Bot%C3%B5es-Profissional-Original-i.362859393.10107166150,https://down-br.img.susercontent.com/file/br-11134207-7r98o-lynbsjjqfvola8,2026-05-01 10:34:35.881 -0300
42,74.20,teclado gamer,mouse,shopee,Kit Teclado Mouse Gamer KEEDI-TEC800 Membrana LED USB Preto,43.90,174.98,43.90,91,5,0.7491,482.00,0.75,https://shopee.com.br/Kit-Teclado-Mouse-Gamer-KEEDI-TEC800-Membrana-LED-USB-Preto-i.376716003.22592917677,https://down-br.img.susercontent.com/file/sg-11134201-7rbka-m62wr8amn72874,2026-05-01 13:11:44.795 -0300
43,74.10,mouse sem fio,mouse,amazon,Mouse Sem Fio Recarregável Wireless Bluetooth Optico Led Rgb Colorido Ergonômico Usb 2.4 Ghz Notebook Computador Pc Desktop Linha Premium,17.40,60.34,5.49,91,6,0.7116,1900.00,0.90,https://www.amazon.com.br/dp/B0CX4CYHVV,https://m.media-amazon.com/images/I/41X8XelsCqL._AC_UL320_.jpg,2026-05-02 18:03:41.433 -0300
44,74.04,mouse gamer,mouse,kabum,Cabo Adaptador Conversor HDMI para VGA F + Áudio F3 - JC- AD-HM/VGA,18.99,124.10,6.99,94,6,0.8470,0.00,0.95,https://www.kabum.com.br/produto/112044/cabo-adaptador-conversor-hdmi-para-vga-f-audio-f3-jc-ad-hm-vga,https://images.kabum.com.br/produtos/fotos/112044/cabo-adaptador-conversor-f3-hdmi-x-vga-f-audio-jc-ad-hm-vga_1659733792_m.jpg,2026-05-01 13:17:01.473 -0300
45,73.84,webcam,webcam,kabum,"Webcam Redragon Streaming Fobos, HD 720p, 2 Microfones, Redução de Ruídos - GW600-1",26.46,139.99,9.81,83,4,0.8110,5.00,0.95,https://www.kabum.com.br/produto/252274/webcam-redragon-streaming-fobos-hd-720p-2-microfones-reducao-de-ruidos-gw600-1,https://images.kabum.com.br/produtos/fotos/252274/webcam-gamer-e-streamer-redragon-fobos-720p-30-fps-2-microfones-integrados-preto-gw600-1_1634743887_m.jpg,2026-05-02 04:23:44.631 -0300
46,73.80,hub usb,mouse,shopee,Hub Usb 3.0 4 Portas 5 Gbps Super Rapido Mouse Teclado Hd,12.99,43.99,7.04,53,5,0.7047,3893.00,0.75,https://shopee.com.br/Hub-Usb-3.0-4-Portas-5-Gbps-Super-Rapido-Mouse-Teclado-Hd-i.400311012.22338608092,https://down-br.img.susercontent.com/file/sg-11134201-7rcex-lsmvou121qcy48,2026-05-01 13:13:24.880 -0300
47,73.61,mouse sem fio,mouse,terabyte,Mouse Gamer Kalkan Jotnar 12400 DPI PAW 3327,9.60,60.34,5.49,91,6,0.8409,0.00,0.95,https://www.terabyteshop.com.br/produto/36684/mouse-gamer-kalkan-jotnar-12400-dpi-paw-3327-5-botoes-preto-klk00010,https://img.terabyteshop.com.br/produto/m/mouse-gamer-kalkan-jotnar-12400-dpi-paw-3327-5-botoes-preto-klk00010_241006.jpg,2026-05-03 11:21:31.558 -0300
48,73.09,webcam,webcam,kabum,"Webcam Rise Mode Vision 4K, 30 FPS, Microfone Digital, USB, Branco - RM-WECM-4K-W",26.92,139.99,9.81,83,4,0.8077,3.00,0.95,https://www.kabum.com.br/produto/513739/webcam-rise-mode-vision-4k-30-fps-microfone-digital-usb-branco-rm-wecm-4k-w,https://images.kabum.com.br/produtos/fotos/513739/webcam-rise-mode-vision-4k-30-fps-microfone-digital-usb-branco-rm-wecm-4k-w_1715092626_m.jpg,2026-05-02 12:37:49.524 -0300
49,73.07,teclado gamer,teclado,shopee,Teclado Gamer Com Fio Semi-mecânico RGB LED retroiluminado Computador Pc,49.88,174.98,43.90,91,5,0.7149,1280.00,0.75,https://shopee.com.br/Teclado-Gamer-Com-Fio-Semi-mec%C3%A2nico-RGB-LED-retroiluminado-Computador-Pc-i.883941882.18399302282,https://down-br.img.susercontent.com/file/sg-11134201-7rffg-m9rsq7bzuyspcd,2026-05-01 13:11:44.795 -0300
50,73.04,mouse gamer,mouse,amazon,"Mouse Gamer Exbom RGB Óptico 1200dpi Com Fio USB Ambidestro Preço, página do produto",14.99,124.10,6.99,94,6,0.8792,0.00,0.90,https://www.amazon.com.br/sspa/click,https://m.media-amazon.com/images/I/51m3nfv013L._AC_UL320_.jpg,2026-05-02 18:03:29.290 -0300
51,73.00,adaptador wifi usb,hub_adaptador,amazon,Adaptador USB WiFi com Antena 1200Mbps Strong Tech,8.99,43.99,8.83,55,3,0.7956,59.00,0.90,https://www.amazon.com.br/dp/B0B5YG6ZRJ,https://m.media-amazon.com/images/I/41V8GIVJaJL._AC_UL320_.jpg,2026-05-02 12:58:10.436 -0300
52,72.99,hub usb,hub_adaptador,amazon,"Expansor Hub Usb 3.0 4 Portas Com Led Super Rápido 5.0 Gbps,( cores variadas )",14.70,43.99,7.04,53,5,0.6658,9500.00,0.90,https://www.amazon.com.br/dp/B08QQ74K4D,https://m.media-amazon.com/images/I/51dRPTWsVkL._AC_UL320_.jpg,2026-05-03 03:05:28.970 -0300
53,72.78,webcam,webcam,amazon,Webcam Full HD 1080P Com Microfone Home Office VideoConferencia Câmera USB para Computador Notebook Aulas Online Plug & Play Premium,38.90,139.99,9.81,83,4,0.7221,386.00,0.90,https://www.amazon.com.br/dp/B0FKBYCVY5,https://m.media-amazon.com/images/I/31KcGswNHSL._AC_UL320_.jpg,2026-05-02 04:15:14.996 -0300
54,72.69,webcam,webcam,shopee,Câmera Webcam Full HD 1080p Microfone Integrado Giratório 360° Regulagem Livre Ideal para PC Notebook e Home Office,33.49,139.99,9.81,83,4,0.7608,79.00,0.75,https://shopee.com.br/C%C3%A2mera-Webcam-Full-HD-1080p-Microfone-Integrado-Girat%C3%B3rio-360%C2%B0-Regulagem-Livre-Ideal-para-PC-Notebook-e-Home-Office-i.1373548058.58254406803,https://down-br.img.susercontent.com/file/sg-11134201-8260v-mk4xv5t8sjyc14,2026-05-01 13:14:57.248 -0300
55,72.49,teclado mecanico,teclado,shopee,Teclado Gamer Com Fio Semi-mecânico RGB LED retroiluminado Computador Pc,49.88,169.99,16.03,93,6,0.7066,1280.00,0.75,https://shopee.com.br/Teclado-Gamer-Com-Fio-Semi-mec%C3%A2nico-RGB-LED-retroiluminado-Computador-Pc-i.883941882.18399302282,https://down-br.img.susercontent.com/file/sg-11134201-7rffg-m9rsq7bzuyspcd,2026-05-01 13:10:46.615 -0300
56,72.48,mouse gamer,mouse,kabum,"Cabo HP VGA SVGA, 2 Metros, Preto, DHC-VG100 - 194U0AA",25.87,124.10,6.99,94,6,0.7915,5.00,0.95,https://www.kabum.com.br/produto/354014/cabo-hp-vga-svga-2-metros-preto-dhc-vg100-194u0aa,https://images.kabum.com.br/produtos/fotos/354014/cabo-vga-svga-hp-2m-preto-194u0aa_1655928447_m.jpg,2026-05-01 13:17:01.473 -0300
57,72.43,fone bluetooth,headset_fone,mercado_livre,Fone Bluetooth I12 Preto,19.90,149.45,19.90,70,3,0.8668,0.00,0.85,,,2026-05-02 15:56:04.896 -0300
58,72.36,webcam,webcam,kabum,"Webcam Full HD 1080p, Com Microfone, USB, Visão 360 graus",28.96,139.99,9.81,83,4,0.7931,4.00,0.95,https://www.kabum.com.br/produto/245683/webcam-full-hd-1080p-com-microfone-usb-visao-360-graus,https://images.kabum.com.br/produtos/fotos/sync_mirakl/245683/Webcam-Full-HD-1080p-Com-Microfone-USB-Vis-o-360-graus_1723670810_m.jpg,2026-05-02 12:37:49.524 -0300
59,72.36,webcam,webcam,kabum,"Webcam, Mini Câmera, PC, Full HD, Com Microfone",28.96,139.99,9.81,83,4,0.7931,4.00,0.95,https://www.kabum.com.br/produto/245681/webcam-mini-camera-pc-full-hd-com-microfone,https://images.kabum.com.br/produtos/fotos/sync_mirakl/245681/Webcam-Mini-C-mera-PC-Full-HD-Com-Microfone_1669727919_m.jpg,2026-05-02 12:37:49.524 -0300
60,72.31,fone bluetooth,headset_fone,amazon,"Fone De Ouvido Bluetooh Com Borrachinha, Sem Fio, Compatível Com Todo Celular, Cancelamento Ruído, Bateria Até 16 Horas, Microfone Para Chamadas, Controle Touch, Conecta no Notebook - Linha Premium",37.90,149.45,19.90,70,3,0.7464,500.00,0.90,https://www.amazon.com.br/dp/B0FVGP3Z9H,https://m.media-amazon.com/images/I/510DnC5nlnL._AC_UL320_.jpg,2026-05-02 05:52:18.778 -0300
61,72.14,mouse sem fio,mouse,amazon,Mouse Sem Fio Recarregável Wireless Bluetooth Optico Led Rgb Colorido Ergonômico Usb 2.4 Ghz Notebook Computador Pc Desktop Linha Premium - Cores Sortidas,18.90,60.34,5.49,91,6,0.6868,1600.00,0.90,https://www.amazon.com.br/dp/B0F1G2TL8P,https://m.media-amazon.com/images/I/51NVWRIcQ2L._AC_UL320_.jpg,2026-05-02 04:13:04.609 -0300
62,72.12,teclado gamer,teclado,amazon,"Teclado Gamer Semi Mecânico RGB LED Rainbow, USB, ABNT-2, Anti-Ghosting, Multimídia, Ideal para Jogos e Digitação, Ergonômico - Computador Videogame",45.90,174.98,43.90,91,5,0.7377,100.00,0.90,https://www.amazon.com.br/dp/B0GTB3ZJYL,https://m.media-amazon.com/images/I/71utpjlJrYL._AC_UL320_.jpg,2026-05-02 17:03:22.396 -0300
63,71.73,webcam,webcam,amazon,"Webcam Full HD 1080p com Microfone - Para Home Office e Videoconferências, Preto",39.90,139.99,9.81,83,4,0.7150,253.00,0.90,https://www.amazon.com.br/dp/B0CZZ3KYVL,https://m.media-amazon.com/images/I/61P5shurt+L._AC_UL320_.jpg,2026-05-02 04:15:14.996 -0300
64,71.47,webcam,webcam,kabum,"Webcam Bright Office, 480p - WC574",26.55,139.99,9.81,83,4,0.8103,0.00,0.95,https://www.kabum.com.br/produto/149076/webcam-bright-office-480p-wc574,https://images.kabum.com.br/produtos/fotos/sync_mirakl/149076/medium/Webcam-Bright-Office-480p-WC574_1754424581.jpg,2026-05-02 04:23:44.631 -0300
65,71.22,webcam,webcam,amazon,Webcam Camera Full Hd Zoom 1080p 360 Graus Entrada Usb 2.0 Com Microfone Ideal para Videoconferencia Zoom Meet Teams Livestream Aulas online Reunião Skype Premium,39.90,139.99,9.81,83,4,0.7150,170.00,0.90,https://www.amazon.com.br/dp/B0F9ZP686Q,https://m.media-amazon.com/images/I/51poXd3aR4L._AC_UL320_.jpg,2026-05-02 04:15:14.996 -0300
66,70.75,webcam,webcam,kabum,Frete grátis* Webcam UGREEN 1080P Full HD 30FPS USB Microfone Duplo PC,28.00,139.99,9.81,83,4,0.8000,0.00,0.95,https://www.kabum.com.br/produto/887762/camera-webcam-ugreen-hd-1080p-30fps-preto-cinza,https://images.kabum.com.br/produtos/fotos/sync_mirakl/887762/medium/Webcam-UGREEN-1080P-Full-HD-30FPS-USB-Microfone-Duplo-PC_1773925140.jpg,2026-05-02 04:23:44.631 -0300
67,70.72,mouse gamer,mousepad,kabum,"Mousepad Gamer Rise Mode Black Mode, Speed, Estendido (900x300mm) - RG-MP-06-FBK",28.99,124.10,6.99,94,6,0.7664,5.00,0.95,https://www.kabum.com.br/produto/111142/mousepad-gamer-rise-mode-black-mode-speed-estendido-900x300mm-rg-mp-06-fbk,https://images.kabum.com.br/produtos/fotos/111142/mousepad-gamer-rise-mode-black-mode-speed-estendido-900x300mm-rg-mp-06-fbk_1584561621_m.jpg,2026-05-01 13:17:01.473 -0300
68,70.63,fone bluetooth,headset_fone,amazon,"Fone de Ouvido Bluetooth 5.4 TWS com IPX4 à Prova d’Água, Redução de Ruído e Microfone – Ideal para Corrida, Academia e Trabalho (iOS e Android)",41.49,149.45,19.90,70,3,0.7224,500.00,0.90,https://www.amazon.com.br/dp/B0GMRZS4QD,https://m.media-amazon.com/images/I/51vF9tKkrzL._AC_UL320_.jpg,2026-05-02 04:13:56.828 -0300
69,70.49,combo teclado mouse,mouse,terabyte,Combo Teclado e Mouse Dr. Office DC100 USB Preto,19.99,119.00,8.83,60,3,0.8320,0.00,0.95,https://www.terabyteshop.com.br/produto/40154/combo-teclado-e-mouse-dr-office-dc100-usb-preto,https://img.terabyteshop.com.br/produto/m/combo-teclado-e-mouse-dr-office-dc100-usb-preto_261597.jpg,2026-05-02 04:44:20.413 -0300
70,70.46,webcam,webcam,kabum,"Frete grátis* Webcam Logitech Brio 100, Full Hd, Grafite - 960-001586",33.22,139.99,9.81,83,4,0.7627,5.00,0.95,https://www.kabum.com.br/produto/515929/webcam-logitech-brio-100-full-hd-grafite-960-001586,https://images.kabum.com.br/produtos/fotos/sync_mirakl/515929/medium/Webcam-Logitech-Brio-100-Full-Hd-Grafite-960-001586_1774379939.jpg,2026-05-02 12:37:49.524 -0300
71,70.17,teclado gamer,teclado,shopee,"Teclado Gamer Mancer Veyra, Rainbow, ABNT2, Preto, MCR-VYRA-RBW01",51.74,174.98,43.90,91,5,0.7043,241.00,0.75,https://shopee.com.br/Teclado-Gamer-Mancer-Veyra-Rainbow-ABNT2-Preto-MCR-VYRA-RBW01-i.627750190.58205888515,https://down-br.img.susercontent.com/file/br-11134207-820lc-ml6i4ohse2h37e,2026-05-01 13:11:44.795 -0300
72,70.08,headset gamer,headset_fone,shopee,"Q8 Gamer Headset Com Microfone Fones De Ouvido Fio Para PC Ps4 XBOX Computador Celular , P3",49.98,151.48,9.80,76,5,0.6701,1432.00,0.75,https://shopee.com.br/Q8-Gamer-Headset-Com-Microfone-Fones-De-Ouvido-Fio-Para-PC-Ps4-XBOX-Computador-Celular-P3-i.1640660076.51651606779,https://down-br.img.susercontent.com/file/sg-11134201-8261n-mkc1r7fnnk08b5,2026-05-01 13:12:32.484 -0300
73,70.06,hub usb,hub_adaptador,shopee,Hub USB com 4/7 Entradas USB 2.0 de Alta Velocidade com Botão Liga/Desliga,14.99,43.99,7.04,53,5,0.6592,2537.00,0.75,https://shopee.com.br/Hub-USB-com-4-7-Entradas-USB-2.0-de-Alta-Velocidade-com-Bot%C3%A3o-Liga-Desliga-i.390307022.16404033482,https://down-br.img.susercontent.com/file/699e8e716d41ba772a4e8e4192d0dae2,2026-05-01 13:13:24.880 -0300
74,69.82,mouse sem fio,mouse,shopee,Mouse Home Office Sem Fio - Bateria Interna Recarregável e LED RGB Wireless,21.90,60.34,5.49,91,6,0.6371,6957.00,0.75,https://shopee.com.br/Mouse-Home-Office-Sem-Fio-Bateria-Interna-Recarreg%C3%A1vel-e-LED-RGB-Wireless-i.1351555956.58200908577,https://down-br.img.susercontent.com/file/br-11134207-81z1k-mhelddzuvu2tea,2026-05-01 13:09:59.876 -0300
75,69.65,mouse bluetooth,mouse,mercado_livre,Mouse Bluetooth Wireless Recarregável Silencioso para Notebook e PC,18.90,186.37,18.90,10,1,0.8986,0.00,0.85,,,2026-04-30 21:39:36.535 -0300
76,69.60,webcam,webcam,amazon,"Webcam Full HD 1080p com Microfone Integrado, Foco Automático e Plug & Play USB – Câmera para Videochamada, Aulas Online, Reuniões e Streaming, Ideal Para PC e Notebook, Zoom, Teams, Meet, Skype",39.99,139.99,9.81,83,4,0.7143,50.00,0.90,https://www.amazon.com.br/dp/B0GMSVQQ8M,https://m.media-amazon.com/images/I/61CrmnTePwL._AC_UL320_.jpg,2026-05-02 05:53:36.211 -0300
77,69.52,teclado gamer,teclado,amazon,"Teclado Gamer Semi Mecânico RGB LED Rainbow, USB, ABNT-2, Anti-Ghosting, Multimídia, Ideal para Jogos e Digitação, Ergonômico - Computador Videogame",44.90,174.98,43.90,91,5,0.7434,100.00,0.90,https://www.amazon.com.br/sspa/click,https://m.media-amazon.com/images/I/71utpjlJrYL._AC_UL320_.jpg,2026-05-02 05:51:51.081 -0300
78,69.44,hub usb,hub_adaptador,amazon,HUB USB 3.0 com 4 Portas e Led Indicador Exbom UH-30,15.90,43.99,7.04,53,5,0.6386,2700.00,0.90,https://www.amazon.com.br/dp/B078MLGG6L,https://m.media-amazon.com/images/I/51kNf8b57RL._AC_UL320_.jpg,2026-05-02 04:14:22.978 -0300
79,69.35,cabo usb c,cabo,shopee,Cabo Tipo C- Tipo C Dois Lados Para Cabo De Carga Rápida Cabo,9.99,28.30,7.99,56,5,0.6470,2827.00,0.75,https://shopee.com.br/Cabo-Tipo-C-Tipo-C-Dois-Lados-Para-Cabo-De-Carga-R%C3%A1pida-Cabo-i.399802573.17045843149,https://down-br.img.susercontent.com/file/e0d5ee36fb11007887a2d0b3c4d4072c,2026-05-01 13:14:11.507 -0300
80,69.19,webcam,webcam,kabum,"Webcam Poly Studio P5, Full HD, 1080p, 30 FPS, USB, Branco - 2200-87070-001",35.29,139.99,9.81,83,4,0.7479,4.00,0.95,https://www.kabum.com.br/produto/314695/webcam-poly-studio-p5-full-hd-1080p-30-fps-usb-branco-2200-87070-001,https://images.kabum.com.br/produtos/fotos/314695/webcam-poly-studio-p5-full-hd-1080p-30-fps-usb-branco-2200-87070-001_1647541958_m.jpg,2026-05-02 12:37:49.524 -0300
81,69.10,mousepad gamer,mousepad,terabyte,Mousepad Gamer Corsair MM200 Médio 36x30cm Preto,8.83,47.00,8.83,69,3,0.8121,0.00,0.95,https://www.terabyteshop.com.br/produto/6241/mouse-pad-gamer-corsair-ch-9000099-ww-mm200-medium-36-x-30cm-preto,https://img.terabyteshop.com.br/produto/m/mouse-pad-gamer-corsair-ch-9000099-ww-mm200-medium-36-x-30cm-preto_134438.jpg,2026-05-02 04:45:41.681 -0300
82,69.10,mousepad gamer,mousepad,terabyte,Mousepad Gamer PCYes Dragon Extended 900x420mm,8.83,47.00,8.83,69,3,0.8121,0.00,0.95,https://www.terabyteshop.com.br/produto/34158/mousepad-gamer-pcyes-dragon-extended-extra-grande-900x420mm-pmd90x42,https://img.terabyteshop.com.br/produto/m/mousepad-gamer-pcyes-dragon-extended-extra-grande-900x420mm-pmd90x42_227218.jpg,2026-05-02 12:59:15.579 -0300
83,69.10,mousepad gamer,mousepad,terabyte,Mousepad Gamer PCYes Ancient Dragon 900x420mm,8.83,47.00,8.83,69,3,0.8121,0.00,0.95,https://www.terabyteshop.com.br/produto/34159/mousepad-gamer-pcyes-ancient-dragon-extended-extra-grande-900x420mm-pma90x42,https://img.terabyteshop.com.br/produto/m/mousepad-gamer-pcyes-ancient-dragon-extended-extra-grande-900x420mm-pma90x42_227231.jpg,2026-05-02 12:59:15.579 -0300
84,69.10,fone bluetooth,headset_fone,mercado_livre,Fone Bluetooth Redmi,27.00,149.45,19.90,70,3,0.8193,0.00,0.85,,,2026-04-30 21:49:31.995 -0300
85,68.98,teclado mecanico,teclado,aliexpress,Teclado mecanico 60% teclado para jogos gamer teclados mecânicos pc teclados laptop oficina mini teclado klavye teclas branco,54.24,169.99,16.03,93,6,0.6809,500.00,0.65,https://pt.aliexpress.com/item/1005008870868082.html,https://ae-pic-a1.aliexpress-media.com/kf/S8155f65143154ce3b3ac58930203893dx.jpg_480x480q75.jpg_.avif,2026-05-02 05:45:03.147 -0300
86,68.48,teclado gamer,teclado,amazon,Teclado Gamer Fortrek Fearless 80 TKL Preto,59.98,174.98,43.90,91,5,0.6572,467.00,0.90,https://www.amazon.com.br/dp/B0DLLG1R8Y,https://m.media-amazon.com/images/I/716qp5jOSBL._AC_UL320_.jpg,2026-05-02 08:05:38.366 -0300
87,68.20,adaptador wifi usb,hub_adaptador,terabyte,Adaptador Wireless TP-Link Archer T2U Nano AC600,8.83,43.99,8.83,55,3,0.7993,0.00,0.95,https://www.terabyteshop.com.br/produto/15553/adaptador-wireless-tp-link-usb-archer-t2u-nano-ac600,https://img.terabyteshop.com.br/produto/m/adaptador-wireless-tp-link-usb-archer-t2u-nano-ac600_106783.jpg,2026-05-02 04:45:14.458 -0300
88,68.08,webcam,webcam,kabum,"Webcam Pcyes Raza HD-03, HD, 720P, Com Microfone, Preto - Rzhd03",33.33,139.99,9.81,83,4,0.7619,0.00,0.95,https://www.kabum.com.br/produto/949986/webcam-pcyes-raza-hd-03-hd-720p-com-microfone-preto-rzhd03,https://images.kabum.com.br/produtos/fotos/949986/webcam-pcyes-raza-hd-03-hd-720p-com-microfone-preto-rzhd03-_1762886772_m.jpg,2026-05-02 12:37:49.524 -0300
89,67.66,webcam,webcam,shopee,Webcam Câmera Full Hd 1080p 360 Graus Videoconferência Streamcam Web Cam Entrada Usb Com Microfone,49.99,139.99,9.81,83,4,0.6429,958.00,0.75,https://shopee.com.br/Webcam-C%C3%A2mera-Full-Hd-1080p-360-Graus-Videoconfer%C3%AAncia-Streamcam-Web-Cam-Entrada-Usb-Com-Microfone-i.634459976.20699773493,https://down-br.img.susercontent.com/file/sg-11134201-7ratl-mabme1oxej7i39,2026-05-01 13:14:57.248 -0300
90,67.64,mousepad gamer,mousepad,terabyte,Mousepad Gamer Corsair MM300 Pro Speed 360x300mm,9.81,47.00,8.83,69,3,0.7913,0.00,0.95,https://www.terabyteshop.com.br/produto/28380/mousepad-gamer-corsair-mm300-pro-speed-medio-360mm-x-300mm-ch-9413631-ww,https://img.terabyteshop.com.br/produto/m/mousepad-gamer-corsair-mm300-pro-speed-medio-360mm-x-300mm-ch-9413631-ww_193062.jpg,2026-05-02 04:45:41.681 -0300
91,67.62,headset gamer,headset_fone,mercado_livre,Fone Headset Gamer Feasso,35.99,151.48,9.80,76,5,0.7624,0.00,0.85,,,2026-05-02 11:49:28.239 -0300
92,67.58,webcam,webcam,kabum,"Webcam Logitech Full HD 1080p, 30FPS, Microfone Estéreo, Com fio, Proteção De Privacidade, Widescreen - 960-001257",38.99,139.99,9.81,83,4,0.7215,5.00,0.95,https://www.kabum.com.br/produto/150380/webcam-logitech-full-hd-1080p-30fps-microfone-estereo-com-fio-protecao-de-privacidade-widescreen-960-001257,https://images.kabum.com.br/produtos/fotos/sync_mirakl/150380/medium/Webcam-Logitech-Full-HD-1080p-30FPS-Microfone-Est-reo-Com-fio-Prote-o-De-Privacidade-Widescreen-960-001257_1774640324.jpg,2026-05-02 12:37:49.524 -0300
93,67.27,webcam,webcam,shopee,Webcam Câmera Computador Full HD 1080x1920p 2MP USB Plug Play Microfone Embutido Com uma luz de enchimento,39.99,139.99,9.81,83,4,0.7143,14.00,0.75,https://shopee.com.br/Webcam-C%C3%A2mera-Computador-Full-HD-1080x1920p-2MP-USB-Plug-Play-Microfone-Embutido-Com-uma-luz-de-enchimento-i.1741551614.58258111031,https://down-br.img.susercontent.com/file/br-11134207-820l5-mmka6lmq835wa0,2026-05-01 13:14:57.248 -0300
94,67.25,webcam,webcam,kabum,Webcam Microfone Camera Full Hd 1080p Computador Plug E Play Microfone Embutido,34.99,139.99,9.81,83,4,0.7501,0.00,0.95,https://www.kabum.com.br/produto/881193/webcam-microfone-camera-full-hd-1080p-computador-plug-e-play-microfone-embutido,https://images.kabum.com.br/produtos/fotos/sync_mirakl/881193/medium/Webcam-Microfone-Camera-Full-Hd-1080p-Computador-Plug-E-Play-Microfone-Embutido_1748870690.png,2026-05-02 04:23:44.631 -0300
95,66.83,mouse gamer,mouse,shopee,"Mouse Gamer RGB 7200 DPI Com Fio Iluminação Personalizável | Delta M5072 R$ 29,99 -33% 4.9 São Paulo Encontrar itens similares",29.99,124.10,6.99,94,6,0.7583,0.00,0.75,https://shopee.com.br/Mouse-Gamer-RGB-7200-DPI-Com-Fio-Ilumina%C3%A7%C3%A3o-Personaliz%C3%A1vel-Delta-M5072-i.764842647.58206243262,https://down-br.img.susercontent.com/file/br-11134207-820lu-mm7h6vgwqz2c81,2026-05-01 10:34:35.881 -0300
96,66.77,combo teclado mouse,mouse,amazon,"Combo Teclado e Mouse Bluetooth Ultrafino Sem Fio, Portátil e Recarregável E Teclado sem Fio - Compatível com Tablets Android, Celular, Smartphone, iPhone, iPad mini, Pro Air 10.2 10.9 11 12.9",42.65,119.00,8.83,60,3,0.6416,2000.00,0.90,https://www.amazon.com.br/dp/B0FKKQV96P,https://m.media-amazon.com/images/I/51o16JyN-rL._AC_UL320_.jpg,2026-05-02 04:13:44.340 -0300
97,66.67,mouse sem fio,mouse,amazon,Mouse Sem Fio Slim Box Conexão Usb 1200dpi 3 Botões Preto Multi - MO307,24.49,60.34,5.49,91,6,0.5941,3500.00,0.90,https://www.amazon.com.br/dp/B09F5CGZ7J,https://m.media-amazon.com/images/I/41pUkesgzDL._AC_UL320_.jpg,2026-05-02 04:13:04.609 -0300
98,66.64,adaptador wifi usb,hub_adaptador,terabyte,Adaptador Wireless USB TP-Link 150Mbps TL-WN722N,9.81,43.99,8.83,55,3,0.7770,0.00,0.95,https://www.terabyteshop.com.br/produto/13164/adaptador-wireless-n-usb-tp-link-150mbps-tl-wn722n,https://img.terabyteshop.com.br/produto/m/adaptador-wireless-n-usb-tp-link-150mbps-tl-wn722n_93481.jpg,2026-05-02 04:45:14.458 -0300
99,66.46,hub usb,hub_adaptador,amazon,"Hub USB 3.0 4 Portas Alta Velocidade – Expansor USB para Notebook, PC e Mac, Plug & Play, Design Compacto e Portátil",11.90,43.99,7.04,53,5,0.7295,1.00,0.90,https://www.amazon.com.br/dp/B0GYFSYHB2,https://m.media-amazon.com/images/I/51OveyoJc1L._AC_UL320_.jpg,2026-05-02 23:03:22.362 -0300
100,66.42,headset gamer,headset_fone,shopee,"Headset Gamer Com Fio Profissional, Iluminação RGB, Microfone Ajustável E Alto-Falante Ajustável Para PC, PS4, XBOX",48.00,151.48,9.80,76,5,0.6831,41.00,0.75,https://shopee.com.br/Headset-Gamer-Com-Fio-Profissional-Ilumina%C3%A7%C3%A3o-RGB-Microfone-Ajust%C3%A1vel-E-Alto-Falante-Ajust%C3%A1vel-Para-PC-PS4-XBOX-i.1604776805.56102061051,https://down-br.img.susercontent.com/file/cn-11134207-820l4-mhhdexgtqnsxb7,2026-05-01 13:12:32.484 -0300
101,66.29,mouse gamer,mouse,shopee,"Mouse Gamer iluminação RGB design ergonômico confortável 4800 DPI R$ 30,96 -38% 4.8 São Paulo Encontrar itens similares",30.96,124.10,6.99,94,6,0.7505,0.00,0.75,https://shopee.com.br/Mouse-Gamer-ilumina%C3%A7%C3%A3o-RGB-design-ergon%C3%B4mico-confort%C3%A1vel-4800-DPI-i.397374716.22591649689,https://down-br.img.susercontent.com/file/br-11134207-7r98p-llp00ht75kbv82,2026-05-01 10:34:35.881 -0300
102,66.21,mousepad gamer,mousepad,amazon,"Mousepad Gamer Profissional Antiderrapante Preto 21x26cm, Deslize Suave e Precisão Óptica/Laser; para Jogos, Trabalho, Escritório, Estudos, PC Gamer, Notebook (4)",9.99,47.00,8.83,69,3,0.7874,4.00,0.90,https://www.amazon.com.br/sspa/click,https://m.media-amazon.com/images/I/51z-RWMlLuL._AC_UL320_.jpg,2026-05-02 12:58:40.267 -0300
103,65.87,teclado gamer,mouse,shopee,Kit Gamer Teclado e Mouse Iluminação RGB Com Fio USB Semi Mecânico PC Notebook H8,62.99,174.98,43.90,91,5,0.6400,281.00,0.75,https://shopee.com.br/Kit-Gamer-Teclado-e-Mouse-Ilumina%C3%A7%C3%A3o-RGB-Com-Fio-USB-Semi-Mec%C3%A2nico-PC-Notebook-H8-i.1492670075.58201740931,https://down-br.img.susercontent.com/file/br-11134207-7r98o-mdliw24eq0up3f,2026-05-01 13:11:44.795 -0300
104,65.85,adaptador wifi usb,hub_adaptador,mercado_livre,Univex BULK7601 adaptador WiFi USB 2.0 802.11n,9.99,43.99,8.83,55,3,0.7729,0.00,0.85,,,2026-05-02 16:00:31.067 -0300
105,65.77,webcam,webcam,amazon,WebCam Intuitive Full HD Foco Fixo com microfone Home Office Videoconferências - Premium,44.30,139.99,9.81,83,4,0.6835,13.00,0.90,https://www.amazon.com.br/dp/B0FCHVR2Y3,https://m.media-amazon.com/images/I/51D+OPRfK-L._AC_UL320_.jpg,2026-05-03 14:05:16.343 -0300
106,65.52,mousepad gamer,mousepad,amazon,Mouse Pad Gamer SPEED MPG102 Preto FORTREK,20.00,47.00,8.83,69,3,0.5745,28700.00,0.90,https://www.amazon.com.br/dp/B0765Y7VGX,https://m.media-amazon.com/images/I/71KsXR+FRSL._AC_UL320_.jpg,2026-05-02 04:15:03.115 -0300
107,65.44,mouse sem fio,mouse,amazon,Mouse Sem Fio Recarregável com LED RGB Design Ergonômico Conexão USB Bluetooth Compatível com PC Notebook e Home Office (Prata),21.59,60.34,5.49,91,6,0.6422,100.00,0.90,https://www.amazon.com.br/dp/B0G1B7PJ3H,https://m.media-amazon.com/images/I/51PPfzsgtuL._AC_UL320_.jpg,2026-05-02 04:13:04.609 -0300
108,65.37,fone bluetooth,headset_fone,amazon,"Fone de Ouvido Bluetooth 5.3 On-ear. Cancelamento de Ruído e Regulavel para Corridas e Academia, Headphone Sem Fio com Microfone Integrado Confortavel e Dobravel Compativel com Android e IOS. (Azul)",53.49,149.45,19.90,70,3,0.6421,660.00,0.90,https://www.amazon.com.br/dp/B0FB8PPPLP,https://m.media-amazon.com/images/I/51YvVPc8npL._AC_UL320_.jpg,2026-05-02 12:57:19.969 -0300
109,65.36,fone bluetooth,headset_fone,mercado_livre,Fone Bluetooth Esportivo 320mah Fone Sem Fio Fone Academia Lilás,35.00,149.45,19.90,70,3,0.7658,0.00,0.85,,,2026-05-03 00:02:23.675 -0300
110,65.21,webcam,webcam,shopee,Webcam Full Hd 1080P 2MP Com microfone USB Para windows Mac - AITEK,47.78,139.99,9.81,83,4,0.6587,61.00,0.75,https://shopee.com.br/Webcam-Full-Hd-1080P-2MP-Com-microfone-USB-Para-windows-Mac-AITEK-i.1232299933.49204749950,https://down-br.img.susercontent.com/file/br-11134207-820lc-mlfbguzjrrph11,2026-05-01 13:14:57.248 -0300
111,65.04,mouse gamer,mouse,amazon,"Havit Mouse Gamer MS1001S RGB Programável Macro, 7 Botões, 800-1600-2400-3200-4800-8000 DPI, USB, Design Ergonômico, Antiderrapante",52.39,124.10,6.99,94,6,0.5778,2400.00,0.90,https://www.amazon.com.br/dp/B07MC6RLN4,https://m.media-amazon.com/images/I/41rHZ1VskiL._AC_UL320_.jpg,2026-05-02 04:12:50.647 -0300
112,65.04,mouse sem fio,mouse,terabyte,"Mouse Vinik Corp, USB, 1000 DPI, 3 Botões, Preto, CM100",16.99,60.34,5.49,91,6,0.7184,0.00,0.95,https://www.terabyteshop.com.br/produto/37463/mouse-vinik-corp-usb-1000-dpi-3-botoes-preto-cm100,https://img.terabyteshop.com.br/produto/m/mouse-vinik-corp-usb-1000-dpi-3-botoes-preto-cm100_245163.jpg,2026-05-02 12:56:19.596 -0300
113,64.97,teclado gamer,teclado,amazon,Teclado Gamer Fortrek Fearless 65 Compact Preto,68.74,174.98,43.90,91,5,0.6072,467.00,0.90,https://www.amazon.com.br/dp/B0DLLFDKF9,https://m.media-amazon.com/images/I/718gO9CzzIL._AC_UL320_.jpg,2026-05-03 06:02:41.504 -0300
114,64.75,teclado gamer,teclado,terabyte,Teclado Gamer Ninja Black Noir RGB Membrana ABNT2,49.99,174.98,43.90,91,5,0.7143,0.00,0.95,https://www.terabyteshop.com.br/produto/22092/teclado-gamer-ninja-black-noir-rgb-switch-membrana-abnt2-black-tc-gn-bknr,https://img.terabyteshop.com.br/produto/m/teclado-gamer-ninja-black-noir-rgb-switch-membrana-abnt2-black-tc-gn-bknr_148766.png,2026-05-02 04:44:06.185 -0300
115,64.71,mouse sem fio,mouse,amazon,"C3Tech Mouse Sem Fio M-W15BK, Preto, Wifi 2.4Ghz, 1200DPI, Ambidestro, 3 Botoes, Windows, MAC OS,LINUX, CHROME",22.90,60.34,5.49,91,6,0.6205,185.00,0.90,https://www.amazon.com.br/dp/B0DG62HMX7,https://m.media-amazon.com/images/I/41idJgIe1+L._AC_UL320_.jpg,2026-05-02 12:56:14.504 -0300
116,64.61,combo teclado mouse,mouse,terabyte,Combo Teclado e Mouse Keytime Minimal USB Preto,29.99,119.00,8.83,60,3,0.7480,0.00,0.95,https://www.terabyteshop.com.br/produto/35514/combo-teclado-e-mouse-keytime-minimal-usb-preto-kyt0015,https://img.terabyteshop.com.br/produto/m/combo-teclado-e-mouse-keytime-minimal-usb-preto-kyt0015_234689.png,2026-05-02 04:44:20.413 -0300
117,64.41,mouse sem fio,mouse,amazon,"Mouse Sem Fio Wireless RGB Premium, Recarregável, Bluetooth/USB 2.4GHz, Sensor Óptico, LED Colorido, 1600 DPI para Notebook, PC, Desktop",19.49,60.34,5.49,91,6,0.6770,6.00,0.90,https://www.amazon.com.br/dp/B0GWK24PJC,https://m.media-amazon.com/images/I/611OouJIZPL._AC_UL320_.jpg,2026-05-02 04:13:04.609 -0300
118,64.29,combo teclado mouse,mouse,amazon,"Combo Teclado e Mouse Bluetooth Ultrafino Sem Fio, Portátil e Recarregável E Teclado sem Fio - Compatível com Tablets Android, Celular, Smartphone, iPhone, iPad mini, Pro Air 10.2 10.9 11 12.9",42.65,119.00,8.83,60,3,0.6416,3000.00,0.90,https://www.amazon.com.br/sspa/click,https://m.media-amazon.com/images/I/51o16JyN-rL._AC_UL320_.jpg,2026-05-03 01:03:02.197 -0300
119,64.10,teclado mecanico,mousepad,amazon,Kit Teclado Gamer Semi Mecanico Iluminado Led para Pc Ps4 Ps5 Xbox Notebook Abnt com Mouse Pad Gamer …,59.90,169.99,16.03,93,6,0.6476,270.00,0.90,https://www.amazon.com.br/sspa/click,https://m.media-amazon.com/images/I/6153gWhw1WL._AC_UL320_.jpg,2026-05-01 10:37:45.190 -0300
120,64.08,headset gamer,headset_fone,mercado_livre,Headset Gamer Apolo Preto Mymax,43.65,151.48,9.80,76,5,0.7118,0.00,0.85,,,2026-05-02 11:49:28.239 -0300
121,64.06,mousepad gamer,mousepad,mercado_livre,Mousepad Gamer Evolut Cor Cinza,11.88,47.00,8.83,69,3,0.7472,0.00,0.85,,,2026-05-02 11:56:53.693 -0300
122,64.06,mousepad gamer,mousepad,mercado_livre,Mousepad Gamer Evolut Cor Azul,11.88,47.00,8.83,69,3,0.7472,0.00,0.85,,,2026-05-02 15:58:26.158 -0300
123,63.97,hub usb,hub_adaptador,amazon,Expansor Hub USB 3.0 4 Portas UH-30A – Alta Velocidade 5Gbps com LED | USB PRETO,12.90,43.99,7.04,53,5,0.7068,0.00,0.90,https://www.amazon.com.br/dp/B0GW1VPJ9D,https://m.media-amazon.com/images/I/41-rMK1KmHL._AC_UL320_.jpg,2026-05-02 16:05:55.737 -0300
124,63.97,hub usb,mouse,amazon,Hub USB 3.0 Extensor 4 Portas de até 5 Gbps Acabamento em Alumínio Compacto - 1x USB 3.0 e 3x USB 2.0 Ideal para Notebook Pen Drive Teclado e Mouse,12.90,43.99,7.04,53,5,0.7068,0.00,0.90,https://www.amazon.com.br/dp/B0GWGFHDK7,https://m.media-amazon.com/images/I/51Yw--1DPxL._AC_UL320_.jpg,2026-05-02 16:09:13.473 -0300
125,63.84,combo teclado mouse,mouse,amazon,"Combo de teclado e mouse Bluetooth ultrafino, portátil, recarregável, teclado sem fio para tablet Android, celular, smartphone, iPhone, iPad mini, Pro Air 10.2 10.9 11 12.9 33.0 cm (preto)",46.99,119.00,8.83,60,3,0.6051,1500.00,0.90,https://www.amazon.com.br/dp/B098QKHRGK,https://m.media-amazon.com/images/I/61KlLFtv-3L._AC_UL320_.jpg,2026-05-02 04:13:44.340 -0300
126,63.84,fone bluetooth,headset_fone,amazon,Fone de ouvido bluetooth sem fio Kaidi kd-770 esportes compativel com android iios TWS 5.0 (Preto),56.90,149.45,19.90,70,3,0.6193,698.00,0.90,https://www.amazon.com.br/dp/B0BZT41P9M,https://m.media-amazon.com/images/I/3194XCwfk3L._AC_UL320_.jpg,2026-05-02 12:57:19.969 -0300
127,63.82,headset gamer,headset_fone,amazon,"Fone De Ouvido Headset Gamer Luz Led RGB Compatível com Computador, Celular, Video Games",55.49,151.48,9.80,76,5,0.6337,463.00,0.90,https://www.amazon.com.br/sspa/click,https://m.media-amazon.com/images/I/61hj6TZ6FwL._AC_UL320_.jpg,2026-05-02 12:35:51.459 -0300
128,63.80,hub usb,mouse,amazon,"Hub USB 3.0 (4 Portas) Expansor até 5Gbps | Acabamento Alumínio | Ideal p/HD Externo, Pen Drive, Teclado, Mouse, PC, Notebook",17.89,43.99,7.04,53,5,0.5933,400.00,0.90,https://www.amazon.com.br/dp/B0FTSHK5KX,https://m.media-amazon.com/images/I/51RWK77o+jL._AC_UL320_.jpg,2026-05-02 04:14:22.978 -0300
129,63.07,fone bluetooth,headset_fone,amazon,"INAVA Fone de Ouvido Bluetooth 3ª Geração, 50 Horas de Bateria, Microfone com Cancelamento de Ruído (ENC), fone de ouvido esportivo Ergonômico, Ideal para Academia/Corrida/Trabalho (Preto)",57.00,149.45,19.90,70,3,0.6186,400.00,0.90,https://www.amazon.com.br/dp/B0GSRB8D19,https://m.media-amazon.com/images/I/511ThB6ouuL._AC_UL320_.jpg,2026-05-02 04:13:56.828 -0300
130,62.72,mouse sem fio,mouse,kabum,Cabo Adaptador Conversor HDMI para VGA F + Áudio F3 - JC- AD-HM/VGA,18.99,60.34,5.49,91,6,0.6853,0.00,0.95,https://www.kabum.com.br/produto/112044/cabo-adaptador-conversor-hdmi-para-vga-f-audio-f3-jc-ad-hm-vga,https://images.kabum.com.br/produtos/fotos/112044/cabo-adaptador-conversor-f3-hdmi-x-vga-f-audio-jc-ad-hm-vga_1659733792_m.jpg,2026-05-01 13:17:15.186 -0300
131,62.67,teclado gamer,teclado,shopee,Teclado Gamer Semi-Mecânico RGB UltraMax ULT-068 Padrão ABNT2 USB Anti-ghosting 65%,72.88,174.98,43.90,91,5,0.5835,504.00,0.75,https://shopee.com.br/Teclado-Gamer-Semi-Mec%C3%A2nico-RGB-UltraMax-ULT-068-Padr%C3%A3o-ABNT2-USB-Anti-ghosting-65--i.1351679961.58202937438,https://down-br.img.susercontent.com/file/br-11134207-81ztc-mj8fq5fce41y2d,2026-05-01 13:11:44.795 -0300
132,62.57,webcam,webcam,amazon,"GONZALUX– Webcam Full HD 1080p com Microfone Embutido, Plug & Play USB Ideal para Vídeo Chamada, Aulas Online, Reuniões,Streaming e Gravações, Foco Automático, Imagem Nítida e Compatível com Notebook.",45.65,139.99,9.81,83,4,0.6739,1.00,0.90,https://www.amazon.com.br/dp/B0G547MY26,https://m.media-amazon.com/images/I/51qW9D7a8hL._AC_UL320_.jpg,2026-05-02 16:06:56.921 -0300
133,62.25,webcam,webcam,kabum,Frete grátis* Webcam Logitech C920e 1080p Vc 960-001401,45.00,139.99,9.81,83,4,0.6785,0.00,0.95,https://www.kabum.com.br/produto/669806/webcam-logitech-c920e-1080p-vc-960-001401,https://images.kabum.com.br/produtos/fotos/sync_mirakl/669806/medium/Webcam-Logitech-C920e-1080p-Vc-960-001401_1770311324.jpg,2026-05-02 04:23:44.631 -0300
134,62.15,adaptador wifi usb,hub_adaptador,amazon,"Antena Wifi Adaptador,Usb Adaptador USB Receptor Wireless 1200Mbps - Antena WiFi para Rede Sem Fio Pc E Notebook upMoura",16.70,43.99,8.83,55,3,0.6204,178.00,0.90,https://www.amazon.com.br/dp/B0CKTMLQZY,https://m.media-amazon.com/images/I/41Ofdtr8BPL._AC_UL320_.jpg,2026-05-02 12:58:10.436 -0300
135,62.13,mouse gamer,mouse,amazon,Fortrek Mouse Gamer RGB BLACK HAWK,51.40,124.10,6.99,94,6,0.5858,164.00,0.90,https://www.amazon.com.br/dp/B09PC4PNHD,https://m.media-amazon.com/images/I/71gaGHKNukL._AC_UL320_.jpg,2026-05-02 23:01:41.279 -0300
136,61.99,hub usb,hub_adaptador,amazon,"Adaptador Multiporta USB Hub, USB Dock Station com 4 Portas USB 3.0 (USB-C)",19.09,43.99,7.04,53,5,0.5660,430.00,0.90,https://www.amazon.com.br/dp/B0CRVW9SW3,https://m.media-amazon.com/images/I/41+2620r4BL._AC_UL320_.jpg,2026-05-02 12:04:20.289 -0300
137,61.94,mouse sem fio,mouse,shopee,"Mouse Sem Fio Wireless - Bateria Interna Recarregável, LED RGB para Home Office",21.90,60.34,5.49,91,6,0.6371,15.00,0.75,https://shopee.com.br/Mouse-Sem-Fio-Wireless-Bateria-Interna-Recarreg%C3%A1vel-LED-RGB-para-Home-Office-i.1630828144.58255996200,https://down-br.img.susercontent.com/file/br-11134207-820ls-ml8ufb7acd8l86,2026-05-01 13:09:59.876 -0300
138,61.81,teclado mecanico,teclado,shopee,Teclado Gamer Semi-Mecânico RGB UltraMax ULT-068 Padrão ABNT2 USB Anti-ghosting 65%,72.88,169.99,16.03,93,6,0.5713,504.00,0.75,https://shopee.com.br/Teclado-Gamer-Semi-Mec%C3%A2nico-RGB-UltraMax-ULT-068-Padr%C3%A3o-ABNT2-USB-Anti-ghosting-65--i.1351679961.58202937438,https://down-br.img.susercontent.com/file/br-11134207-81ztc-mj8fq5fce41y2d,2026-05-01 13:10:46.615 -0300
139,61.74,hub usb,hub_adaptador,shopee,Hub USB 4 em 1 Alumínio Portátil 4 Portas USB 2.0 Plug Play para Notebook e PC MST-012,19.00,43.99,7.04,53,5,0.5681,565.00,0.75,https://shopee.com.br/Hub-USB-4-em-1-Alum%C3%ADnio-Port%C3%A1til-4-Portas-USB-2.0-Plug-Play-para-Notebook-e-PC-MST-012-i.388412677.43679087083,https://down-br.img.susercontent.com/file/sg-11134201-8261l-mlh4i11h5rlua1,2026-05-01 10:42:11.668 -0300
140,61.66,mouse sem fio,mouse,terabyte,"Mouse Vinik Feather VF120, Wireless, 1200 DPI, 3 Botões, Cinza",19.90,60.34,5.49,91,6,0.6702,0.00,0.95,https://www.terabyteshop.com.br/produto/34209/mouse-vinik-feather-vf120-wireless-1200-dpi-3-botoes-cinza,https://img.terabyteshop.com.br/produto/m/mouse-vinik-feather-vf120-wireless-1200-dpi-3-botoes-cinza_227557.jpg,2026-05-02 04:43:39.245 -0300
141,61.65,headset gamer,headset_fone,terabyte,Headset Gamer Ninja Shadow Drivers 50mm Rainbow,49.99,151.48,9.80,76,5,0.6700,0.00,0.95,https://www.terabyteshop.com.br/produto/22021/headset-gamer-ninja-shadow-35mm-usb-pc-rainbow-drivers-50mm-black,https://img.terabyteshop.com.br/produto/m/headset-gamer-ninja-shadow-35mm-usb-pc-rainbow-drivers-50mm-black_147646.png,2026-05-02 04:44:47.892 -0300
142,61.65,headset gamer,headset_fone,terabyte,Headset Gamer Ninja Rainbow RGB Drivers 50mm Black,49.99,151.48,9.80,76,5,0.6700,0.00,0.95,https://www.terabyteshop.com.br/produto/22028/headset-gamer-ninja-rainbow-35mm-usb-pc-rgb-drivers-50mm-black,https://img.terabyteshop.com.br/produto/m/headset-gamer-ninja-rainbow-35mm-usb-pc-rgb-drivers-50mm-black_147635.png,2026-05-02 04:44:47.892 -0300
143,61.56,mouse sem fio,mouse,terabyte,Combo Teclado e Mouse Dr. Office DC100 USB Preto,19.99,60.34,5.49,91,6,0.6687,0.00,0.95,https://www.terabyteshop.com.br/produto/40154/combo-teclado-e-mouse-dr-office-dc100-usb-preto,https://img.terabyteshop.com.br/produto/m/combo-teclado-e-mouse-dr-office-dc100-usb-preto_261597.jpg,2026-05-01 13:19:08.187 -0300
144,61.56,mouse sem fio,mouse,terabyte,"Mouse Vinik Feather VF110, Wireless, 1200 DPI, 3 Botões, Branco De:",19.99,60.34,5.49,91,6,0.6687,0.00,0.95,https://www.terabyteshop.com.br/produto/36276/mouse-vinik-feather-vf110-wireless-1200-dpi-3-botoes-branco,https://img.terabyteshop.com.br/produto/m/mouse-vinik-feather-vf110-wireless-1200-dpi-3-botoes-branco_238721.jpg,2026-05-01 13:19:08.187 -0300
145,61.56,mouse sem fio,mouse,terabyte,"Mouse Vinik Feather VF110, Wireless, 1200 DPI, 3 Botões, Cinza",19.99,60.34,5.49,91,6,0.6687,0.00,0.95,https://www.terabyteshop.com.br/produto/36277/mouse-vinik-feather-vf110-wireless-1200-dpi-3-botoes-cinza,https://img.terabyteshop.com.br/produto/m/mouse-vinik-feather-vf110-wireless-1200-dpi-3-botoes-cinza_238722.jpg,2026-05-02 04:43:39.245 -0300
146,61.56,mouse sem fio,mouse,terabyte,"Mouse Vinik Feather VF110, Wireless, 1200 DPI, 3 Botões, Preto",19.99,60.34,5.49,91,6,0.6687,0.00,0.95,https://www.terabyteshop.com.br/produto/36279/mouse-vinik-feather-vf110-wireless-1200-dpi-3-botoes-preto,https://img.terabyteshop.com.br/produto/m/mouse-vinik-feather-vf110-wireless-1200-dpi-3-botoes-preto_238729.jpg,2026-05-02 04:43:39.245 -0300
147,61.06,mouse gamer,mouse,kabum,"Controle Sony DualSense PS5, Sem Fio, Branco - 3005767",46.12,124.10,6.99,94,6,0.6284,5.00,0.95,https://www.kabum.com.br/produto/115801/controle-sony-dualsense-ps5-sem-fio-branco-3005767,https://images.kabum.com.br/produtos/fotos/115801/controle-sem-fio-ps5-dualsense_1598897393_m.jpg,2026-05-01 13:07:48.749 -0300
148,61.05,mouse sem fio,mouse,mercado_livre,"Mouse sem fio Bluetooth ergonômico, mouse sem fio Ve",20.00,60.34,5.49,91,6,0.6685,0.00,0.85,,,2026-05-03 03:33:09.447 -0300
149,60.75,teclado gamer,teclado,terabyte,Teclado Gamer Fortrek Shortcut Rainbow Membrana ABNT2,59.99,174.98,43.90,91,5,0.6572,0.00,0.95,https://www.terabyteshop.com.br/produto/33911/teclado-gamer-fortrek-shortcut-rainbow-membrana-full-size-abnt2-preto,https://img.terabyteshop.com.br/produto/m/teclado-gamer-fortrek-shortcut-rainbow-membrana-full-size-abnt2-preto_225599.jpg,2026-05-02 04:44:06.185 -0300
150,60.58,webcam,webcam,amazon,"Webcam Full HD 1080p com Microfone Embutido – Câmera USB para Computador, Notebook, Aulas Online, Home Office e Videoconferência – Plug & Play",59.90,139.99,9.81,83,4,0.5721,104.00,0.90,https://www.amazon.com.br/dp/B0FH5WXB4T,https://m.media-amazon.com/images/I/41cuKINrDCL._AC_UL320_.jpg,2026-05-02 15:06:26.243 -0300
151,60.48,cabo usb c,hub_adaptador,terabyte,Adaptador Wireless USB TP-Link 150Mbps TL-WN722N,9.81,28.30,7.99,56,5,0.6534,0.00,0.95,https://www.terabyteshop.com.br/produto/13164/adaptador-wireless-n-usb-tp-link-150mbps-tl-wn722n,https://img.terabyteshop.com.br/produto/m/adaptador-wireless-n-usb-tp-link-150mbps-tl-wn722n_93481.jpg,2026-05-02 04:45:29.178 -0300
152,60.36,mouse sem fio,mouse,aliexpress,GOOJODOQ Bluetooth + 2.4G Mouse de modo duplo recarregável luz colorida 800-1200-1600 DPI clique silencioso design ergonômico,29.00,60.34,5.49,91,6,0.5194,4000.00,0.65,https://pt.aliexpress.com/item/1005010363444764.html,https://ae-pic-a1.aliexpress-media.com/kf/S638bd3201b064bee8895b14301b60475D.jpg_480x480q75.jpg_.avif,2026-05-02 05:44:54.060 -0300
153,60.01,cabo usb c,cabo,amazon,Cabo USB-C para iPhone 2 Metros 30W - Carregamento Turbo Rápido - Compatível com Smartphones e Tablets USB-C - Design Resistente em Nylon Trançado,9.90,28.30,7.99,56,5,0.6502,0.00,0.90,https://www.amazon.com.br/dp/B0GYQ3DXZG,https://m.media-amazon.com/images/I/61DhsHL46+L._AC_UL320_.jpg,2026-05-02 12:58:25.908 -0300
154,59.94,mousepad gamer,mousepad,amazon,Mouse Pad Gamer Speed MPG-101 Preto Fortrek,20.00,47.00,8.83,69,3,0.5745,385.00,0.90,https://www.amazon.com.br/dp/B0D3VLZCGK,https://m.media-amazon.com/images/I/81xvhqvrMPL._AC_UL320_.jpg,2026-05-03 01:04:27.569 -0300
155,59.87,mouse gamer,mouse,amazon,"Mouse Gamer Havit MS1034 White, USB, RGB, 7 Botões, Programação de Macros, Design Ergonômico, Até 8000 DPI, Branco",54.28,124.10,6.99,94,6,0.5626,100.00,0.90,https://www.amazon.com.br/dp/B0D7W6WLQS,https://m.media-amazon.com/images/I/41bQ7QPxvwL._AC_UL320_.jpg,2026-05-02 04:12:50.647 -0300
156,59.86,cabo usb c,cabo,amazon,"Cabo USB-C para USB-C 2 Metros 60W Turbo Carregamento Rápido, Cabo Tipo C Reforçado Ultra Resistente Nylon Trançado, Compatibilidade Universal, Notebook, Tablet, Power Bank",10.90,28.30,7.99,56,5,0.6148,5.00,0.90,https://www.amazon.com.br/dp/B0GW98PFWD,https://m.media-amazon.com/images/I/61GXAqVzFrL._AC_UL320_.jpg,2026-05-02 16:06:25.541 -0300
157,59.49,mouse sem fio,mouse,aliexpress,"Mouse Bettdow Sem Fio Sem Fio 2400DPI 2,4GHz Bluetooth Mouse",30.00,60.34,5.49,91,6,0.5028,5000.00,0.65,https://pt.aliexpress.com/item/1005007558411662.html,https://ae-pic-a1.aliexpress-media.com/kf/Sf10f1fb8bb904c308dbf9ac2ae0aac48P.png_480x480.png_.avif,2026-05-02 05:44:54.060 -0300
158,59.49,mouse sem fio,mouse,mercado_livre,"Mouse sem fio recarregável Sendowtek, mouse sem fio ergonômico 2.4G, mouse USB sem fio silencioso com adaptador de receptor USB para laptop, PC, computador, Macbook (preto)",21.34,60.34,5.49,91,6,0.6463,0.00,0.85,,,2026-04-30 21:21:56.006 -0300
159,59.49,adaptador wifi usb,hub_adaptador,mercado_livre,Adaptador WiFi USB WiFi 2.4G LV-UW06,13.99,43.99,8.83,55,3,0.6820,0.00,0.85,,,2026-04-30 21:51:15.986 -0300
160,59.33,mouse sem fio,mouse,amazon,"Mouse Sem Fio Bluetooth, Recarregável, Ergonômico, Ultra Fino Bluetooth USB-C DPI Ajustável 1600 Compacto, Silencioso para Notebook, PC, Mac, Trabalho, Escritório, Profissional",28.40,60.34,5.49,91,6,0.5293,400.00,0.90,https://www.amazon.com.br/dp/B0GTN1SSW6,https://m.media-amazon.com/images/I/51PkGFdYhwL._AC_UL320_.jpg,2026-05-02 12:56:14.504 -0300
161,59.27,adaptador wifi usb,hub_adaptador,amazon,Adaptador Wireless Antena Wifi 1200mbps Para Pc e Notebook,19.99,43.99,8.83,55,3,0.5456,1100.00,0.90,https://www.amazon.com.br/dp/B082P53YTJ,https://m.media-amazon.com/images/I/41eOOslB3ZL._AC_UL320_.jpg,2026-05-02 12:58:10.436 -0300
162,58.99,mouse gamer,mouse,shopee,"Kit Teclado Mouse Gamer KEEDI-TEC800 Membrana LED USB Preto R$ 43,90 -66% 4.8 São Paulo Encontrar itens similares",43.90,124.10,6.99,94,6,0.6463,0.00,0.75,https://shopee.com.br/Kit-Teclado-Mouse-Gamer-KEEDI-TEC800-Membrana-LED-USB-Preto-i.376716003.22592917677,https://down-br.img.susercontent.com/file/sg-11134201-7rbka-m62wr8amn72874,2026-05-01 10:34:35.881 -0300
163,58.73,mouse sem fio,mouse,mercado_livre,Kit 3 Mouse Sem Fio Monocron Mn4w310 Wireless 2.4ghz Preto Mouse Sem Fio Preto,22.00,60.34,5.49,91,6,0.6354,0.00,0.85,,,2026-04-30 21:22:35.255 -0300
164,58.73,combo teclado mouse,mousepad,terabyte,Mousepad Gamer Vinik Extended Level Up 700x400mm,39.99,119.00,8.83,60,3,0.6639,0.00,0.95,https://www.terabyteshop.com.br/produto/34148/mousepad-gamer-vinik-extended-level-up-grande-700x400mm-mpxlu74,https://img.terabyteshop.com.br/produto/m/mousepad-gamer-vinik-extended-level-up-grande-700x400mm-mpxlu74_227156.jpg,2026-05-02 12:57:13.424 -0300
165,58.47,mouse sem fio,mouse,amazon,Mouse sem Fio Multi USB com 3 Botões e Design Ergonômico – Preto MO251,34.39,60.34,5.49,91,6,0.4301,43900.00,0.90,https://www.amazon.com.br/dp/B074KQYMDZ,https://m.media-amazon.com/images/I/51s1bPUIUtL._AC_UL320_.jpg,2026-05-02 12:56:14.504 -0300
166,58.38,fone bluetooth,headset_fone,mercado_livre,Fone Bluetooth Lenovo X16,49.90,149.45,19.90,70,3,0.6661,0.00,0.85,,,2026-05-02 15:56:04.896 -0300
167,58.23,mousepad gamer,mousepad,amazon,"Mouse Pad Professional Gaming, Havit, Hv-MP830, 30 X 90 cm",24.99,47.00,8.83,69,3,0.4683,32000.00,0.90,https://www.amazon.com.br/dp/B0152HPXXE,https://m.media-amazon.com/images/I/31VsRBgen0L._AC_UL320_.jpg,2026-05-02 04:15:03.115 -0300
168,58.11,fone bluetooth,headset_fone,amazon,Fone De Ouvido Bluetooth Havit Tw969 Tws Com Microfone（Preto）,61.90,149.45,19.90,70,3,0.5858,50.00,0.90,https://www.amazon.com.br/dp/B0DGY3D13G,https://m.media-amazon.com/images/I/51XYQofIpXL._AC_UL320_.jpg,2026-05-02 12:57:19.969 -0300
169,58.06,headset gamer,headset_fone,amazon,"Headset Gamer Rival 307, Fone de Ouvido, Gamer, Iluminação RGB, com Microfone, Conexão P2 3.5mm, Compatível com PS4/PC/Xbox One, (Preto)",69.90,151.48,9.80,76,5,0.5386,91.00,0.90,https://www.amazon.com.br/dp/B0FLFD2VVK,https://m.media-amazon.com/images/I/61UT8WxO4sL._AC_UL320_.jpg,2026-05-02 23:03:07.891 -0300
170,57.71,fone bluetooth,headset_fone,amazon,"Fone de Ouvido Bluetooth 5.4, IPX5 à Prova D'Água, 45h de Bateria, Com Microfone Embutido. Design Esportivo Ergonômico Ideal Para Esportes Corridas Atividades Físicas Videogame IPhone Android Premium",72.90,149.45,19.90,70,3,0.5122,2000.00,0.90,https://www.amazon.com.br/dp/B0FDB9Z96L,https://m.media-amazon.com/images/I/619duhcCzQL._AC_UL320_.jpg,2026-05-02 04:13:56.828 -0300
171,57.68,mouse gamer,mouse,shopee,"Mouse Gamer Havit Ms1029, 7200dpi, Usb, Rgb, 6 Botões Preto",54.97,124.10,6.99,94,6,0.5571,44.00,0.75,https://shopee.com.br/Mouse-Gamer-Havit-Ms1029-7200dpi-Usb-Rgb-6-Bot%C3%B5es-Preto-i.316470031.22894202843,https://down-br.img.susercontent.com/file/sg-11134201-7rdwg-mbrcd7mlny1o39,2026-05-01 13:09:12.911 -0300
172,57.58,webcam,webcam,amazon,"Webcam Full HD 1080p com Microfone Embutido – Câmera USB para Computador, Notebook, Aulas Online, Home Office e Videoconferência – Plug & Play",59.90,139.99,9.81,83,4,0.5721,104.00,0.90,https://www.amazon.com.br/sspa/click,https://m.media-amazon.com/images/I/41cuKINrDCL._AC_UL320_.jpg,2026-05-03 08:05:18.845 -0300
173,57.29,cabo usb c,cabo,amazon,Cabo USB para USB C C3Tech CB-C11BK Preto - Cabo 1Metro Ideal para dispositivos com sistema Android e IOS Suporte a Carregamento e Transferência de Dados,14.90,28.30,7.99,56,5,0.4735,1700.00,0.90,https://www.amazon.com.br/dp/B0B3F7NWN6,https://m.media-amazon.com/images/I/41jACUmWpQL._AC_UL320_.jpg,2026-05-02 05:53:09.954 -0300
174,57.08,cabo usb c,cabo,shopee,Cabo Carregador USB-C + Tipo-C/Lightning Turbo 30W/60W 1M/2M Para iOS E Android A'GOLD,14.98,28.30,7.99,56,5,0.4707,3009.00,0.75,https://shopee.com.br/Cabo-Carregador-USB-C-Tipo-C-Lightning-Turbo-30W-60W-1M-2M-Para-iOS-E-Android-A'GOLD-i.1351688002.23494674657,https://down-br.img.susercontent.com/file/sg-11134253-82631-mkwprglgcb9g50,2026-05-01 13:14:11.507 -0300
175,57.06,mouse sem fio,mouse,kabum,"Cabo HP VGA SVGA, 2 Metros, Preto, DHC-VG100 - 194U0AA",25.87,60.34,5.49,91,6,0.5713,5.00,0.95,https://www.kabum.com.br/produto/354014/cabo-hp-vga-svga-2-metros-preto-dhc-vg100-194u0aa,https://images.kabum.com.br/produtos/fotos/354014/cabo-vga-svga-hp-2m-preto-194u0aa_1655928447_m.jpg,2026-05-01 13:17:15.186 -0300
176,57.03,headset gamer,headset_fone,terabyte,Headset Gamer T-Dagger Ural Black e Green T-RGH202,59.99,151.48,9.80,76,5,0.6040,0.00,0.95,https://www.terabyteshop.com.br/produto/11746/headset-gamer-t-dagger-ural-black-e-green-t-rgh202,https://img.terabyteshop.com.br/produto/m/headset-gamer-t-dagger-ural-black-e-green-t-rgh202_79385.jpg,2026-05-02 04:44:47.892 -0300
177,56.75,teclado gamer,teclado,terabyte,"Teclado Gamer Evolut Fay, 60%, Rainbow, Membrana, ABNT2, Preto, EG-211",69.99,174.98,43.90,91,5,0.6000,0.00,0.95,https://www.terabyteshop.com.br/produto/41290/teclado-gamer-evolut-fay-60-rainbow-membrana-abnt2-preto-eg-211,https://img.terabyteshop.com.br/produto/m/teclado-gamer-evolut-fay-60-rainbow-membrana-abnt2-preto-eg-211_266757.jpg,2026-05-02 04:44:06.185 -0300
178,56.59,adaptador wifi usb,hub_adaptador,mercado_livre,Adaptador Wifi USB Xtrad Nano Wireless 2.4GHz 450Mbps,15.81,43.99,8.83,55,3,0.6406,0.00,0.85,,,2026-05-02 16:01:10.552 -0300
179,56.58,mousepad gamer,mousepad,mercado_livre,Mousepad Gamer - Havit Mp846,16.90,47.00,8.83,69,3,0.6404,0.00,0.85,,,2026-05-02 11:57:29.615 -0300
180,56.55,webcam,webcam,kabum,"Webcam Full HD Logitech C922 Pro Stream com Microfone Embutido, 1080p e Tripé Incluso, Compatível Logitech Capture - 960-001087",61.04,139.99,9.81,83,4,0.5640,5.00,0.95,https://www.kabum.com.br/produto/93393/webcam-full-hd-logitech-c922-pro-stream-com-microfone-embutido-1080p-e-tripe-incluso-compativel-logitech-capture-960-001087,https://images.kabum.com.br/produtos/fotos/93393/webcam-full-hd-logitech-c922-pro-stream-com-microfone-embutido-1080p-e-tripe-incluso-compativel-logitech-capture-960-001087_1771252327_m.jpg,2026-05-02 04:23:44.631 -0300
181,56.25,teclado gamer,teclado,mercado_livre,Teclado Gamer - Tc3204 Hayom,70.00,174.98,43.90,91,5,0.6000,0.00,0.85,,,2026-05-02 12:48:10.490 -0300
182,56.18,headset gamer,headset_fone,amazon,"Havit Headphone Fone de Ouvido H2232d, Gamer, Iluminação RGB, com Microfone, Falante de 50mm, Conector 3.5mm, HAVIT, HV-H2232d, Cabo USB para Iluminação",86.99,151.48,9.80,76,5,0.4257,9500.00,0.90,https://www.amazon.com.br/dp/B07N78G8GB,https://m.media-amazon.com/images/I/516HwNOJoUL._AC_UL320_.jpg,2026-05-02 04:14:10.827 -0300
183,56.01,adaptador wifi usb,hub_adaptador,amazon,"Adaptador USB Wireless 2.4GHz 950Mbps – Alta Velocidade Wi-Fi, Segurança WPA/WPA2, Plug & Play Compatível com PC e Notebook",16.90,43.99,8.83,55,3,0.6158,1.00,0.90,https://www.amazon.com.br/dp/B0GLHJ8BXY,https://m.media-amazon.com/images/I/31Byg3QArdL._AC_UL320_.jpg,2026-05-02 12:58:10.436 -0300
184,55.98,combo teclado mouse,mouse,amazon,Combo Teclado e Mouse sem Fio Bluetooth Ultrafino e Recarregável para Tablets e Celulares Compatível com Windows/Mac/Android Para Lite P610 Tab S6 - Preto,52.90,119.00,8.83,60,3,0.5555,50.00,0.90,https://www.amazon.com.br/dp/B0FFP6ZFGF,https://m.media-amazon.com/images/I/51QG8GxWaZL._AC_UL320_.jpg,2026-05-02 12:57:05.491 -0300
185,55.92,teclado gamer,teclado,amazon,Teclado Membrana Gamer Redragon Netherbane Preto RGB K521-RGB,91.90,174.98,43.90,91,5,0.4748,549.00,0.90,https://www.amazon.com.br/dp/B0DP7NDDQJ,https://m.media-amazon.com/images/I/71oevbiISHL._AC_UL320_.jpg,2026-05-01 13:15:52.571 -0300
186,55.82,fone bluetooth,headset_fone,amazon,"Fones de Ouvido Bluetooth 5.3 Fones de Ouvido Sem Fio 42 Horas de Reprodução Fones de Ouvido Esportivos com IPX5 à Prova d'Água Fones de Ouvido de Graves Profundos para iOS Android, Preto",75.03,149.45,19.90,70,3,0.4980,1000.00,0.90,https://www.amazon.com.br/dp/B0DQP41H2M,https://m.media-amazon.com/images/I/61A6ljpbnGL._AC_UL320_.jpg,2026-05-02 12:57:19.969 -0300
187,55.70,cabo usb c,cabo,amazon,Cabo USB-C 1 Metro Carregamento Rapido Reforçado Android e Iphone Notebook Tablet Qualidade Premium Carregamento Transferência de Dados Tipo C,12.49,28.30,7.99,56,5,0.5587,50.00,0.90,https://www.amazon.com.br/sspa/click,https://m.media-amazon.com/images/I/51OyZY5g1rL._AC_UL320_.jpg,2026-05-02 21:05:37.070 -0300
188,55.46,mousepad gamer,mousepad,terabyte,Mousepad Gamer Ninja MewMew Control 800x300mm Rosa,17.99,47.00,8.83,69,3,0.6172,0.00,0.95,https://www.terabyteshop.com.br/produto/38592/mousepad-gamer-ninja-mewmew-control-grande-800x300mm-rosa-gn-mp-mmcep,https://img.terabyteshop.com.br/produto/m/mousepad-gamer-ninja-mewmew-control-grande-800x300mm-rosa-gn-mp-mmcep_251718.jpg,2026-05-02 04:45:41.681 -0300
189,54.97,teclado mecanico,teclado,shopee,Teclado Gamer Com Fio Semi-mecânico RGB LED retroiluminado Computador Pc,69.88,169.99,16.03,93,6,0.5889,0.00,0.75,https://shopee.com.br/Teclado-Gamer-Com-Fio-Semi-mec%C3%A2nico-RGB-LED-retroiluminado-Computador-Pc-i.1518800920.22393986739,https://down-br.img.susercontent.com/file/sg-11134201-7rffg-m9rsq7bzuyspcd,2026-05-01 10:37:16.616 -0300
190,54.96,cabo usb c,cabo,amazon,"Geonav Cabo USB-C (tipo C) para USB-C (tipo C), 1,5 metros, nylon trançado, UCC04, Cinza/Branco",16.00,28.30,7.99,56,5,0.4346,2300.00,0.90,https://www.amazon.com.br/dp/B09PRR6R8B,https://m.media-amazon.com/images/I/61+vza7AQqL._AC_UL320_.jpg,2026-05-02 21:05:37.070 -0300
191,54.83,mouse gamer,mouse,amazon,Mouse Gamer Crusader 12800 DPI Branco Fortrek,70.58,124.10,6.99,94,6,0.4313,2500.00,0.90,https://www.amazon.com.br/dp/B0DQ2BN88N,https://m.media-amazon.com/images/I/517l5N+pv1L._AC_UL320_.jpg,2026-05-02 12:35:18.078 -0300
192,54.50,mousepad gamer,mousepad,amazon,"Havit Mouse Pad Grande 70 X 30 Cm Gamer, Hv-MP861, Movimento Suave e Preciso, Costurado, Preto",26.33,47.00,8.83,69,3,0.4398,8400.00,0.90,https://www.amazon.com.br/dp/B07K11FVBY,https://m.media-amazon.com/images/I/71TBDbODFVL._AC_UL320_.jpg,2026-05-02 04:15:03.115 -0300
193,54.46,fone bluetooth,headset_fone,amazon,Fone Kaidi Kd-777 Tws Bluetooth V5.3 Novo 2024 Mod Kd 777,69.90,149.45,19.90,70,3,0.5323,54.00,0.90,https://www.amazon.com.br/dp/B0F68QCY4T,https://m.media-amazon.com/images/I/41h+8V7G1WL._AC_UL320_.jpg,2026-05-02 12:57:19.969 -0300
194,54.15,fone bluetooth,headset_fone,terabyte,Headphone Fortrek HBT1 Bluetooth Drivers 40mm Preto,59.99,149.45,19.90,70,3,0.5986,0.00,0.95,https://www.terabyteshop.com.br/produto/34988/headphone-fortrek-hbt1-bluetooth-drivers-de-40mm-preto,https://img.terabyteshop.com.br/produto/m/headphone-fortrek-hbt1-bluetooth-drivers-de-40mm-preto_231854.jpg,2026-05-02 04:44:33.491 -0300
195,54.14,webcam,webcam,amazon,WebCam Full HD 1080p com microfone Home Office Videoconferências - Premium,67.90,139.99,9.81,83,4,0.5150,15.00,0.90,https://www.amazon.com.br/dp/B0F1HRWQXS,https://m.media-amazon.com/images/I/41QWXGZmIsL._AC_UL320_.jpg,2026-05-03 14:05:16.343 -0300
196,53.96,cabo usb c,cabo,amazon,"Cabo USB-C para USB-C 60W Turbo - Nylon Trançado com Liga de Alumínio, Reforçado, Carregamento Rapido, Transferência de Dados, Certificado, Compatível com Iphone 15/16/17 Pro Max, Android, Notebook",15.49,28.30,7.99,56,5,0.4527,400.00,0.90,https://www.amazon.com.br/dp/B0GTB7K68T,https://m.media-amazon.com/images/I/518VT0420gL._AC_UL320_.jpg,2026-05-02 18:05:27.644 -0300
197,53.85,teclado gamer,mouse,mercado_livre,Kit Teclado Gamer Profissional,75.99,174.98,43.90,91,5,0.5657,0.00,0.85,,,2026-04-30 21:27:00.283 -0300
198,53.74,teclado mecanico,teclado,shopee,Teclado Gamer Semi-Mecânico RGB UltraMax ULT-068 Padrão ABNT2 USB Anti-ghosting 65%,72.88,169.99,16.03,93,6,0.5713,0.00,0.75,https://shopee.com.br/Teclado-Gamer-Semi-Mec%C3%A2nico-RGB-UltraMax-ULT-068-Padr%C3%A3o-ABNT2-USB-Anti-ghosting-65--i.406722479.58204647609,https://down-br.img.susercontent.com/file/br-11134207-81ztc-mkb90qhamrr4d4,2026-05-01 10:37:16.616 -0300
199,53.74,combo teclado mouse,mouse,amazon,Combo Teclado e Mouse Bluetooth Sem Fio Portátil e Recarregável Compatível com Tablets e PCs Ultrafino Kit (Branco),51.99,119.00,8.83,60,3,0.5631,5.00,0.90,https://www.amazon.com.br/dp/B0GQGLHFXP,https://m.media-amazon.com/images/I/61+kuNxTmRL._AC_UL320_.jpg,2026-05-02 04:13:44.340 -0300
200,53.73,fone bluetooth,headset_fone,amazon,"INAVA Fone de Ouvido de Nova Geração,Bluetooth 6.0,50h de Autonomia,À Prova d'Água IPX6,Microfone ENC,Conforto Leve para Esportes,Orelhas Pequenas e Óculos (Roxo)",75.03,149.45,19.90,70,3,0.4980,200.00,0.90,https://www.amazon.com.br/dp/B0G7ZWWWNF,https://m.media-amazon.com/images/I/61qus8DXsdL._AC_UL320_.jpg,2026-05-02 12:57:19.969 -0300
201,53.59,hub usb,hub_adaptador,amazon,"Hub USB-C 7 em 1, com HDMI, 3 Portas USB 3.0, Leitor de Cartão SD e MicroSD, Porta USB-C, Alumínio Cinza - Premium",19.99,43.99,7.04,53,5,0.5456,1.00,0.90,https://www.amazon.com.br/dp/B0GX7C1K48,https://m.media-amazon.com/images/I/61RetufZlBL._AC_UL320_.jpg,2026-05-02 05:52:44.293 -0300
202,53.44,mouse sem fio,mousepad,kabum,"Mousepad Gamer Rise Mode Black Mode, Speed, Estendido (900x300mm) - RG-MP-06-FBK",28.99,60.34,5.49,91,6,0.5196,5.00,0.95,https://www.kabum.com.br/produto/111142/mousepad-gamer-rise-mode-black-mode-speed-estendido-900x300mm-rg-mp-06-fbk,https://images.kabum.com.br/produtos/fotos/111142/mousepad-gamer-rise-mode-black-mode-speed-estendido-900x300mm-rg-mp-06-fbk_1584561621_m.jpg,2026-05-01 13:17:15.186 -0300
203,53.38,mouse sem fio,mousepad,shopee,Kit Mouse Sem Fio Recarregavel Para Notebook Rgb + Mouse Pad Apoio Punho,32.98,60.34,5.49,91,6,0.4534,439.00,0.75,https://shopee.com.br/Kit-Mouse-Sem-Fio-Recarregavel-Para-Notebook-Rgb-Mouse-Pad-Apoio-Punho-i.479201578.58206727055,https://down-br.img.susercontent.com/file/br-11134207-820lt-mn4em1zlktmq29,2026-05-01 13:09:59.876 -0300
204,53.05,webcam,webcam,amazon,"Webcam Premium Full HD 1080P,com Microfone Embutido,Plug & Play,Camera Webcam,Câmera USB para Computador, Notebook, Aulas Online, Home Office e Videoconferência",67.54,139.99,9.81,83,4,0.5175,5.00,0.90,https://www.amazon.com.br/dp/B0FQNLQ7G8,https://m.media-amazon.com/images/I/61j5XSeMH4L._AC_UL320_.jpg,2026-05-02 16:06:56.921 -0300
205,52.90,combo teclado mouse,mouse,mercado_livre,Combo Teclado + Mouse Multilaser,49.05,119.00,8.83,60,3,0.5878,0.00,0.85,,,2026-04-30 21:28:16.394 -0300
206,52.84,combo teclado mouse,mouse,terabyte,Combo Gamer Ninja Legacy 3 em 1 RGB GN-CG-LGTMPB,49.99,119.00,8.83,60,3,0.5799,0.00,0.95,https://www.terabyteshop.com.br/produto/30006/combo-gamer-ninja-legacy-3-em-1-teclado-mouse-e-mousepad-usb-rgb-gn-cg-lgtmpb,https://img.terabyteshop.com.br/produto/m/combo-gamer-ninja-legacy-3-em-1-teclado-mouse-e-mousepad-usb-rgb-gn-cg-lgtmpb_228283.jpg,2026-05-02 04:44:20.413 -0300
207,52.75,teclado gamer,teclado,terabyte,Teclado Mecânico Gamer Ninja Leap Pudim Blue White,79.99,174.98,43.90,91,5,0.5429,0.00,0.95,https://www.terabyteshop.com.br/produto/23652/teclado-mecanico-gamer-ninja-leap-pudim-switch-blue-rgb-rainbow-abnt2-white,https://img.terabyteshop.com.br/produto/m/teclado-mecanico-gamer-ninja-leap-pudim-switch-blue-rgb-rainbow-abnt2-white_161062.png,2026-05-02 04:44:06.185 -0300
208,52.65,teclado gamer,teclado,mercado_livre,Teclado Gamer Knup Kp-2043a,78.99,174.98,43.90,91,5,0.5486,0.00,0.85,,,2026-05-02 12:48:10.490 -0300
209,52.65,cabo usb c,cabo,amazon,"Cabo USB-C Tipo C 60w Trançado De Nylon Compativel com Iphone 15,15 Pro/Max, Compativel iphone16,16 Pro/Max IOS/Android Certificado Premium Reforçado",16.50,28.30,7.99,56,5,0.4170,1000.00,0.90,https://www.amazon.com.br/dp/B0F4R51VV8,https://m.media-amazon.com/images/I/61TpybSDsbL._AC_UL320_.jpg,2026-05-02 04:14:49.022 -0300
210,52.40,cabo usb c,cabo,shopee,Cabo Carregador USB-C + Tipo-C Turbo 60W 1M/2M A'GOLD,16.99,28.30,7.99,56,5,0.3996,3746.00,0.75,https://shopee.com.br/Cabo-Carregador-USB-C-Tipo-C-Turbo-60W-1M-2M-A'GOLD-i.1209041550.21597989754,https://down-br.img.susercontent.com/file/br-11134207-7r98o-m3ic8z7esv6je2,2026-05-01 13:14:11.507 -0300
211,52.38,hub usb,mouse,amazon,"Hub USB 3.0 Com 7 Portas, Botões Individuais, LED, Alta Velocidade (5Gbps) Compatível Com PC Notebook TV Console Mouse PenDrive Teclado Impressora Acabamento Premium",25.40,43.99,7.04,53,5,0.4226,600.00,0.90,https://www.amazon.com.br/dp/B0FDCS9RT8,https://m.media-amazon.com/images/I/51gLPYvvYAL._AC_UL320_.jpg,2026-05-01 13:16:20.315 -0300
212,52.29,teclado gamer,teclado,mercado_livre,Teclado Gamer Maxmidia USB Preto com Teclado Numérico,79.90,174.98,43.90,91,5,0.5434,0.00,0.85,,,2026-05-02 11:38:31.398 -0300
213,52.16,mousepad gamer,mousepad,amazon,"Havit Mouse Pad Grande Gamer MP860, 70 X 30 Cm, Tecido de Malha Fina, Base de Borracha Antiderrapante, Design com Bordas Costuradas, Útil para Cobrir Teclado, Mouse e Outros Objetos, Preto",27.99,47.00,8.83,69,3,0.4045,9300.00,0.90,https://www.amazon.com.br/dp/B07BZCHM16,https://m.media-amazon.com/images/I/510-I3GjwKL._AC_UL320_.jpg,2026-05-03 01:04:27.569 -0300
214,51.97,adaptador wifi usb,hub_adaptador,amazon,"Adaptador WiFi USB com Antena, Wireless, Preto, Conexão sem Fio",20.00,43.99,8.83,55,3,0.5454,3.00,0.90,https://www.amazon.com.br/dp/B0GPBW5VS5,https://m.media-amazon.com/images/I/51C9e7mI3OL._AC_UL320_.jpg,2026-05-02 12:58:10.436 -0300
215,51.86,cabo hdmi,cabo,mercado_livre,Syncwire SW-HD075 Cabo HDMI 4K Cabo HDMI 2.0 Cabo HDMI de alta velocidade de 10 pés,8.00,22.50,8.00,6,1,0.6444,0.00,0.85,,,2026-05-02 16:02:19.000 -0300
216,51.86,cabo hdmi,cabo,mercado_livre,"Cabo HDMI C2g, 4k, Cabo HDMI de alta velocidade, Ethernet",8.00,22.50,8.00,6,1,0.6444,0.00,0.85,,,2026-05-02 16:03:18.192 -0300
217,51.82,hub usb,mouse,amazon,"Hub USB 3.0 (4 Portas) Expansor até 5Gbps | Acabamento Alumínio | Ideal p/HD Externo, Pen Drive, Teclado, Mouse, PC, Notebook",24.30,43.99,7.04,53,5,0.4476,100.00,0.90,https://www.amazon.com.br/dp/B0GT73RN3X,https://m.media-amazon.com/images/I/51Dy3lM7TOL._AC_UL320_.jpg,2026-05-02 10:07:52.704 -0300
218,51.81,teclado mecanico,teclado,terabyte,Teclado Mecânico Gamer Ninja Leap Pudim Blue White,79.99,169.99,16.03,93,6,0.5294,0.00,0.95,https://www.terabyteshop.com.br/produto/23652/teclado-mecanico-gamer-ninja-leap-pudim-switch-blue-rgb-rainbow-abnt2-white,https://img.terabyteshop.com.br/produto/m/teclado-mecanico-gamer-ninja-leap-pudim-switch-blue-rgb-rainbow-abnt2-white_161062.png,2026-05-01 13:19:23.288 -0300
219,51.66,cabo usb c,cabo,amazon,"Cabo USB para Tipo C 2 Metros 60W Turbo Carregamento Rápido, Cabo Tipo C Reforçado Ultra Resistente, Compatibilidade Universal, Notebook, Tablet, Power Bank, Transferência de Dados",16.90,28.30,7.99,56,5,0.4028,1000.00,0.90,https://www.amazon.com.br/dp/B0GR7HVVCB,https://m.media-amazon.com/images/I/61lzGB5rtlL._AC_UL320_.jpg,2026-05-01 13:16:34.143 -0300
220,51.59,teclado gamer,teclado,amazon,"Teclado Gamer Mecânico Lumini EG217, Transparente com Branco, Switch Blue, Layout ABNT2, Compacto 60%, RGB Rainbow, Antighosting, Cabo USB Removível",95.00,174.98,43.90,91,5,0.4571,50.00,0.90,https://www.amazon.com.br/dp/B0GTZVRH8Y,https://m.media-amazon.com/images/I/71lNII2xRiL._AC_UL320_.jpg,2026-05-02 04:13:30.383 -0300
221,51.07,teclado gamer,teclado,amazon,Teclado Mecânico Gamer Switch Blue Led Rgb 7 Cores Rainbow 12 Funções Anti Ghosting Abnt2 Usb para Pc Computador Notebook Mac,107.69,174.98,43.90,91,5,0.3846,1700.00,0.90,https://www.amazon.com.br/dp/B0BSP5Q9PF,https://m.media-amazon.com/images/I/61Tn5a431IL._AC_UL320_.jpg,2026-05-02 04:13:30.383 -0300
222,50.83,mouse sem fio,mouse,amazon,Mouse sem Fio Multi MS350 USB 1200 DPI Ergonômico e Compacto com Alcance de 10m – Preto MO212,39.70,60.34,5.49,91,6,0.3421,14100.00,0.90,https://www.amazon.com.br/dp/B074KR9KLF,https://m.media-amazon.com/images/I/41vBgaxBOFL._AC_UL320_.jpg,2026-05-02 15:03:58.886 -0300
223,50.82,suporte notebook,notebook_acessorio,mercado_livre,Suporte Notebook Rosa Kzs-03 Kazuk,10.00,27.00,10.00,5,1,0.6296,0.00,0.85,,,2026-05-02 16:00:14.147 -0300
224,50.75,webcam,webcam,amazon,"Webcam Full HD 4K para Notebook com Microfone — Plug & Play USB, Ângulo Ajustável 360°, Tripé Incluso + Proteção de Privacidade — Ideal para Home Office, Streaming e Videochamadas (4k)",89.00,139.99,9.81,83,4,0.3642,4000.00,0.90,https://www.amazon.com.br/dp/B0GXHWM17T,https://m.media-amazon.com/images/I/61QSqBzvy4L._AC_UL320_.jpg,2026-05-03 11:05:18.890 -0300
225,50.68,mousepad gamer,mousepad,amazon,Mouse Pad Gamer Speed Extra Grande Desk Pad Profissional com Borda Costurada 70x35 Dragão Azul Premium GAXMARK,26.80,47.00,8.83,69,3,0.4298,753.00,0.90,https://www.amazon.com.br/dp/B0CPFQL7RQ,https://m.media-amazon.com/images/I/718w7JtPUCL._AC_UL320_.jpg,2026-05-02 04:15:03.115 -0300
226,50.64,headset gamer,headset_fone,mercado_livre,Headset Gamer Kp-397 Azul,72.74,151.48,9.80,76,5,0.5198,0.00,0.85,,,2026-05-02 12:48:09.227 -0300
227,50.60,mouse gamer,mouse,amazon,Mouse Gamer Redragon K1ng 1K Preto PAW3327 Cabo USB Tipo-C Removível 12400 DPI M724,75.99,124.10,6.99,94,6,0.3877,1000.00,0.90,https://www.amazon.com.br/dp/B0D41SDLTB,https://m.media-amazon.com/images/I/51h06ltKy4L._AC_UL320_.jpg,2026-05-02 04:12:50.647 -0300
228,50.56,cabo usb c,cabo,amazon,"Cabo USB-C 2 Metros 60W Preto, Reforçado, Nylon Trançado, Carregamento Rápido, Tipo C para Notebook, Celular, i.Phone 15, Samsung, MacBook, Resistente",17.00,28.30,7.99,56,5,0.3993,518.00,0.90,https://www.amazon.com.br/dp/B0DN22TLM5,https://m.media-amazon.com/images/I/61Ha8JRZ95L._AC_UL320_.jpg,2026-05-02 04:14:49.022 -0300
229,50.48,teclado mecanico,teclado,amazon,"Teclado Gamer Mecânico Lumini EG217, Transparente com Branco, Switch Blue, Layout ABNT2, Compacto 60%, RGB Rainbow, Antighosting, Cabo USB Removível",95.00,169.99,16.03,93,6,0.4411,50.00,0.90,https://www.amazon.com.br/dp/B0GTZVRH8Y,https://m.media-amazon.com/images/I/71lNII2xRiL._AC_UL320_.jpg,2026-05-02 04:13:18.483 -0300
230,50.15,hub usb,mouse,amazon,"Hub USB 3.0 Com 7 Portas, Botões Individuais, LED, Alta Velocidade (5Gbps), Compatível Com PC Notebook TV Consoles Mouse PenDrive Teclado Impressora Acabamento Premium",22.90,43.99,7.04,53,5,0.4794,4.00,0.90,https://www.amazon.com.br/dp/B0GMLHBZW9,https://m.media-amazon.com/images/I/61wYF8jTS4L._AC_UL320_.jpg,2026-05-02 16:09:13.473 -0300
231,49.96,mouse sem fio,mouse,terabyte,Combo Teclado e Mouse Keytime Minimal USB Preto,29.99,60.34,5.49,91,6,0.5030,0.00,0.95,https://www.terabyteshop.com.br/produto/35514/combo-teclado-e-mouse-keytime-minimal-usb-preto-kyt0015,https://img.terabyteshop.com.br/produto/m/combo-teclado-e-mouse-keytime-minimal-usb-preto-kyt0015_234689.png,2026-05-02 12:20:05.829 -0300
232,49.94,adaptador wifi usb,hub_adaptador,mercado_livre,Adaptador Wifi Nano Usb - Promocional,19.99,43.99,8.83,55,3,0.5456,0.00,0.85,,,2026-05-02 16:00:31.067 -0300
233,49.93,teclado gamer,teclado,amazon,"Teclado Gamer Membrana Redragon Karura 2 RGB ABNT2 Preto - K502RGB, UNICO",109.90,174.98,43.90,91,5,0.3719,1400.00,0.90,https://www.amazon.com.br/dp/B07Y5MWJPK,https://m.media-amazon.com/images/I/51ChZDbWQzL._AC_UL320_.jpg,2026-05-02 04:13:30.383 -0300
234,49.80,teclado mecanico,teclado,amazon,Teclado Mecânico Gamer Switch Blue Led Rgb 7 Cores Rainbow 12 Funções Anti Ghosting Abnt2 Usb para Pc Computador Notebook Mac,107.69,169.99,16.03,93,6,0.3665,1700.00,0.90,https://www.amazon.com.br/dp/B0BSP5Q9PF,https://m.media-amazon.com/images/I/61Tn5a431IL._AC_UL320_.jpg,2026-05-02 04:13:18.483 -0300
235,49.75,teclado mecanico,teclado,terabyte,Teclado Mecânico Ninja Leap Pudim Switch Blue ABNT2,84.99,169.99,16.03,93,6,0.5000,0.00,0.95,https://www.terabyteshop.com.br/produto/34406/teclado-mecanico-gamer-ninja-leap-pudim-switch-blue-rainbow-abnt2-full-size-white-gn-kb-lpfswpruab,https://img.terabyteshop.com.br/produto/m/teclado-mecanico-gamer-ninja-leap-pudim-switch-blue-rainbow-abnt2-full-size-white-gn-kb-lpfswpruab_228664.jpg,2026-05-01 13:19:23.288 -0300
236,49.65,cabo usb c,cabo,mercado_livre,"Cabo USB: cabo USB tipo C preto com entrada USB C macho, saída USB C fêmea",13.99,28.30,7.99,56,5,0.5057,0.00,0.85,,,2026-05-02 16:02:14.237 -0300
237,49.52,mousepad gamer,mousepad,amazon,"Havit Mouse Pad Gamer MP845 - Grande - 700 x 300 x 3 mm, Superfície Jacquard Premium, Base de Borracha Antiderrapante, Costurado",25.99,47.00,8.83,69,3,0.4470,121.00,0.90,https://www.amazon.com.br/dp/B09N7R3DV1,https://m.media-amazon.com/images/I/51MhpZf-C4L._AC_UL320_.jpg,2026-05-02 12:58:40.267 -0300
238,49.47,fone bluetooth,headset_fone,terabyte,Fone de Ouvido Fortrek HWS1 Bluetooth Drivers 13mm,69.99,149.45,19.90,70,3,0.5317,0.00,0.95,https://www.terabyteshop.com.br/produto/34987/fone-de-ouvido-fortrek-hws1-bluetooth-drivers-de-13mm-preto,https://img.terabyteshop.com.br/produto/m/fone-de-ouvido-fortrek-hws1-bluetooth-drivers-de-13mm-preto_231850.jpg,2026-05-02 04:44:33.491 -0300
239,49.33,teclado gamer,teclado,mercado_livre,Teclado gamer Seisa M200,87.30,174.98,43.90,91,5,0.5011,0.00,0.85,,,2026-04-30 21:27:00.283 -0300
240,48.97,adaptador wifi usb,hub_adaptador,amazon,"Adaptador WiFi USB com Antena, Wireless, Preto, Conexão sem Fio",20.00,43.99,8.83,55,3,0.5454,3.00,0.90,https://www.amazon.com.br/sspa/click,https://m.media-amazon.com/images/I/51C9e7mI3OL._AC_UL320_.jpg,2026-05-02 08:06:44.851 -0300
241,48.82,hub usb,mouse,amazon,"Hub USB 3.0 (4 Portas) Expansor até 5Gbps | Acabamento Alumínio | Ideal p/HD Externo, Pen Drive, Teclado, Mouse, PC, Notebook",24.30,43.99,7.04,53,5,0.4476,100.00,0.90,https://www.amazon.com.br/sspa/click,https://m.media-amazon.com/images/I/51Dy3lM7TOL._AC_UL320_.jpg,2026-05-01 13:16:20.315 -0300
242,48.77,fone bluetooth,headset_fone,amazon,Xiaomi Redmi Buds 6 Play,91.99,149.45,19.90,70,3,0.3845,2000.00,0.90,https://www.amazon.com.br/dp/B0DB52X2ZW,https://m.media-amazon.com/images/I/51DVGGv77KL._AC_UL320_.jpg,2026-05-03 11:03:58.231 -0300
243,48.75,teclado gamer,mouse,kabum,"Mouse Gamer com Fio Attack Shark R1 Ultraleve e design Ergonômico, 12.800 DPI, 6 Botões - Branco",89.99,174.98,43.90,91,5,0.4857,0.00,0.95,https://www.kabum.com.br/produto/904364/mouse-gamer-com-fio-attack-shark-r1-ultraleve-e-design-ergonomico-12-800-dpi-6-botoes-branco,https://images.kabum.com.br/produtos/fotos/904364/mouse-gamer-attack-shark-r1-white_1771274097_m.jpg,2026-05-01 13:17:42.067 -0300
244,48.75,teclado gamer,teclado,kabum,"Caixa de Som Redragon GS500 Stentor, LED, 3W x 2, P2 - GS500",89.99,174.98,43.90,91,5,0.4857,0.00,0.95,https://www.kabum.com.br/produto/109214/caixa-de-som-redragon-gs500-stentor-led-3w-x-2-p2-gs500,https://images.kabum.com.br/produtos/fotos/109214/caixa-de-som-redragon-gs500-stentor-led-5w-x-2-p2-gs500_1579779841_m.jpg,2026-05-01 13:17:42.067 -0300
245,48.41,teclado mecanico,teclado,terabyte,Teclado Mecânico Corsair K70 RGB PRO Cherry MX Brown,88.24,169.99,16.03,93,6,0.4809,0.00,0.95,https://www.terabyteshop.com.br/produto/34057/teclado-mecanico-gamer-corsair-k70-rgb-pro-switch-cherry-mx-brown-ansi-preto-ch-9109412-na,https://img.terabyteshop.com.br/produto/m/teclado-mecanico-gamer-corsair-k70-rgb-pro-switch-cherry-mx-brown-ansi-preto-ch-9109412-na_226530.jpg,2026-05-01 13:19:23.288 -0300
246,48.41,teclado mecanico,teclado,terabyte,Teclado Mecânico Corsair K70 RGB PRO Cherry MX Red,88.24,169.99,16.03,93,6,0.4809,0.00,0.95,https://www.terabyteshop.com.br/produto/39935/teclado-mecanico-gamer-corsair-k70-rgb-pro-switch-cherry-mx-red-ansi-preto-ch-9109410-na,https://img.terabyteshop.com.br/produto/m/teclado-mecanico-gamer-corsair-k70-rgb-pro-switch-cherry-mx-red-ansi-preto-ch-9109410-na_258354.jpg,2026-05-02 04:43:53.980 -0300
247,48.32,teclado mecanico,teclado,aliexpress,"Teclado mecânico para jogos com fio, 61 teclas, rgb, eixo vermelho, eixo verde, luz misturada, teclado ergonômico, acessórios para computador",87.00,169.99,16.03,93,6,0.4882,1.00,0.65,https://pt.aliexpress.com/item/1005012108374997.html,https://ae-pic-a1.aliexpress-media.com/kf/Sa54eacafc53d41c9a1372a957510fffeo.jpg_480x480q75.jpg_.avif,2026-05-02 05:45:03.147 -0300
248,48.28,combo teclado mouse,mouse,mercado_livre,Combo Teclado E Mouse Usb Fio Corporativo Bright,56.90,119.00,8.83,60,3,0.5218,0.00,0.85,,,2026-04-30 21:28:16.394 -0300
249,48.22,mouse gamer,mouse,shopee,"Kit Gamer Teclado e Mouse Iluminação RGB Com Fio USB Semi Mecânico PC Notebook H8 R$ 62,99 -51% 4.9 São Paulo Encontrar itens similares",62.99,124.10,6.99,94,6,0.4924,0.00,0.75,https://shopee.com.br/Kit-Gamer-Teclado-e-Mouse-Ilumina%C3%A7%C3%A3o-RGB-Com-Fio-USB-Semi-Mec%C3%A2nico-PC-Notebook-H8-i.1492670075.58201740931,https://down-br.img.susercontent.com/file/br-11134207-7r98o-mdliw24eq0up3f,2026-05-01 10:34:35.881 -0300
250,48.07,combo teclado mouse,mouse,amazon,Combo Mouse e Teclado CCI 20 Preto Intelbras,66.26,119.00,8.83,60,3,0.4432,48.00,0.90,https://www.amazon.com.br/dp/B0C3NPVVHK,https://m.media-amazon.com/images/I/5150u+m+FzL._AC_UL320_.jpg,2026-05-02 04:13:44.340 -0300
